Workbook

Sheet 使用教程
D1: 不想看文档版可以看链接 | G1: 终末地计算器变得这么方便了，你居然没用过！！
A3: 汤汤使用教程 | C3: 1 | D3: 从主c角色库或者拐角色库选择角色
C4: 2 | D4: 从c列的某个单元格，值为数值栏开始，将整个数值栏按下ctrl+c复制，如图下
C20: 3 | D20: 点击计算器模板，往下拖到a86单元格，按右键，选择链接复制
C21: 4 | D21: 滚轮往上到超级表，只用编辑技能名称和增益栏（也就是红字列），然后就是自由的出招算伤害了
E34: 你是个合格的汤汤，这么复杂的计算器都能独自掌握
A37: 进阶教学·陈千语都能学会
C39: 5 | D39: 返回主c角色库，调整精锻等级，技能等级 | K39: 只要你保证第三步操作正确，你是链接复制到计算器的
C55: 6 | D55: 调整武器和装备时，要注意到绿色词条有所变化，随着角色面板的词条也有所变化
C79: 7 | D79: 发现武器的珠子对应不上（默认994珠子），直接跳转武器库直接修改数值，再在数值栏的下方buff栏修改武器数值 | P79: 用完之后可以用994武器库直接覆盖，不用一个个还原
D107: 恭喜你,你已经完全掌握了灵活使用计算器了
A113: 管理员都能学会 | D113: 到了这一步，说明你对伤害计算有一定了解了，向zmd高手进军。一起来制作你喜欢的干员吧
C116: 1 | D116: 首先你要对zmd的出伤逻辑有概念，还不清楚的，可以打开计算公式简单学习一下
C117: 2 | D117: 录制单人打罗丹的视频素材，对角色大部分的出伤情况和上拐的个数有参考依据，以及打开网页华法琳wiki
C118: 3 | D118: 复制角色库最下方的干员模板，建议拖动A：A列的最左边列往下拖动复制，直接右键,选择插入复制单元格
C140: 4 | D140: 从左上往右下一次填写，装备栏，角色面板栏，技能倍率栏，的其中蓝色单元格和绿色单元格
D141: 其中装备所带来的主能力值，主能力百分比提升已经自动计算了，无需管理员额外计算。
D142: 加固定攻击力值的词条点击绿色单元格下一格，将公式最后的/100手动删除
C146: 5 | D146: 技能倍率栏，需要你对excel有一定了解，在角色库的最右边放着对应角色的技能倍率，查询华法琳wiki，将倍率一一复制到对应角色，
D147: 再对技能倍率栏的蓝色单元格下一格的公式的第二参数进行修改，一定要是整行的数据，不懂的可以查询之前做好的干员进行查询
C150: 6 | D150: 所有工作准备好了，到了最重要的数值栏的填写了
D151: 首先根据角色面板栏的绿色单元格，来填写角色面板的绿色单元格 | S151: 填写角色面板
D152: 之后填写技能名称和伤害倍率，利用各种sum和product公式结合技能倍率栏填写相关倍率
S153: 填写技能名称
D154: 技能名称和拐名称填写顺序，普攻(5段的自动填写了，4段的需要手动修改） ->战技 ->连携 -> 大招 -> 天赋的额外倍率 -> 潜能 -> 套装 -> 武器
S155: 填写buff名称
D156: 例如伊冯的大招持续7s，加尾端伤害持续8.3s，超过了杰哥大招的覆盖，且大招转身前在叠层暴击暴伤，所以要分段描述技能
D157: 也就是说技能分的越多段，buff就更好填写，伤害计算就越精准
D158: 技能描述尽可能是全中文，拐名称最好附带触发条件
C164: 7 | D164: 使用计算器时，建议新建一个工作表叫做****队伍，将队伍4人所有信息复制粘贴。再复制出一个计算器
C167: 8 | D167: 有bug可以找版本信息的作者投诉交流。由于最后的总伤计算与管理员对终末地的buff与技能的理解，我不敢保证最后的结果一定是对的。
D168: 一切以实际游戏为准。有时候不一定是计算器公式出错了。
D169: 至于为什么大多数时候单次伤害和计算器不一致，因为yj把装备词条的两位小数点后面的数字隐藏掉了。也就是说buff上的越多误差就越大
D170: 作者不会解包数据，能力有限。
C173: 9 | D173: 完结撒花！！！
A177: 干员模板
B178: 干员
B179: 装备栏 | C179: 武器 | D179: 护甲 | E179: 护手 | F179: 配件1 | G179: 配件2 | H179: 套装效果 | I179: 潜能 | R179: excel | S179: 看华法林wiki | AE179: 普攻
B180: 名称 | H180: =IF(COUNTIF(E180:G180,LEFT(D180,2)&"*")>=2,LEFT(D180,2), IF(COUNTIF(F180:G180,LEFT(E180,2)&"*")=2,LEFT(E180,2), "")) | I180: 0 | R180: 复制模板 | AE180: 普攻第一段倍率 | AF180: 0.23 | AG180: 0.25 | AH180: 0.27 | AI180: 0.29 | AJ180: 0.32 | AK180: 0.34 | AL180: 0.36 | AM180: 0.39 | AN180: 0.41 | AO180: 0.44 | AP180: 0.47 | AQ180: 0.51
B181: 等级 | D181: 3 | E181: 3 | F181: 3 | G181: 3 | R181: 改名字 | AE181: 普攻第二段倍率 | AF181: 0.25 | AG181: 0.28 | AH181: 0.3 | AI181: 0.33 | AJ181: 0.35 | AK181: 0.38 | AL181: 0.4 | AM181: 0.43 | AN181: 0.45 | AO181: 0.48 | AP181: 0.52 | AQ181: 0.56
B182: 词条1 | C182: =_xlfn.XLOOKUP(C180,武器库!$B:$B,武器库!$C:$C,"") -> 0 | D182: {=ct(D180,D181)} -> #NAME? | E182: {=ct(E180,E181)} -> #NAME? | F182: {=ct(F180,F181)} -> #NAME? | G182: {=ct(G180,G181)} -> #NAME? | Q182: 装备栏 | S182: 录入武器词条 | AE182: 普攻第三段倍率 | AF182: 0.35 | AG182: 0.39 | AH182: 0.42 | AI182: 0.46 | AJ182: 0.49 | AK182: 0.53 | AL182: 0.56 | AM182: 0.6 | AN182: 0.63 | AO182: 0.67 | AP182: 0.73 | AQ182: 0.79
B183: 词条2 | C183: =_xlfn.XLOOKUP(C180,武器库!$B:$B,武器库!$D:$D,"") -> 0 | R183: 穿好装备 | AE183: 普攻第四段倍率 | AF183: 0.37 | AG183: 0.4 | AH183: 0.44 | AI183: 0.47 | AJ183: 0.51 | AK183: 0.55 | AL183: 0.58 | AM183: 0.62 | AN183: 0.66 | AO183: 0.7 | AP183: 0.76 | AQ183: 0.82
B184: 词条3 | C184: =_xlfn.XLOOKUP(C180,武器库!$B:$B,武器库!$E:$E,"") -> 0 | Q184: 角色面板栏 | R184: 整理装备带给角色的面板 | AE184: 普攻第五段倍率 | AF184: 0.5 | AG184: 0.55 | AH184: 0.6 | AI184: 0.65 | AJ184: 0.7 | AK184: 0.75 | AL184: 0.8 | AM184: 0.85 | AN184: 0.9 | AO184: 0.96 | AP184: 1.04 | AQ184: 1.13
B185: 武器效果 | C185: =_xlfn.XLOOKUP(C180,武器库!$B:$B,武器库!$F:$F,"") -> 0 | AE185: 处决攻击倍率 | AF185: 4 | AG185: 4.4 | AH185: 4.8 | AI185: 5.2 | AJ185: 5.6 | AK185: 6 | AL185: 6.4 | AM185: 6.8 | AN185: 7.2 | AO185: 7.7 | AP185: 8.3 | AQ185: 9
B186: 套装效果 | C186: {=ct(H180,H181)} -> #NAME? | Q186: 技能倍率栏 | S186: 录入技能倍率 | AE186: 下落攻击倍率 | AF186: 0.8 | AG186: 0.88 | AH186: 0.96 | AI186: 1.04 | AJ186: 1.12 | AK186: 1.2 | AL186: 1.28 | AM186: 1.36 | AN186: 1.44 | AO186: 1.54 | AP186: 1.66 | AQ186: 1.8
R187: 调整自定义公式的范围
Q188: 伤害数值栏 | R188: 先录入角色面板
B189: 角色面板栏 | C189: 主能力值 | D189: 副能力值 | K189: 技能倍率 | L189: 普攻 | M189: 战技 | N189: 连携 | O189: 大招 | R189: 填写技能相关倍率 | AE189: 战技
K190: 等级 | L190: 9 | M190: 9 | N190: 9 | O190: 9 | R190: 填写角色相关buff
B191: 角色 | C191: =179+60+IF(I180>=2,20,0) -> 239 | D191: =123 -> 123 | E191: {=js(E190,C180:H186)/100} -> #NAME? | F191: {=js(F190,C180:G186)/100} -> #NAME? | G191: {=js(G190,C180:G186)/100} -> #NAME? | H191: {=js(H190,C180:G186)/100} -> #NAME? | I191: {=js(I190,C180:H186)/100} -> #NAME? | L191: {=sr(L190,181:187)} -> #NAME? | M191: {=sr(M190,190:197)} -> #NAME? | N191: {=sr(N190,202:205)} -> #NAME? | O191: {=sr(O190,210:216)} -> #NAME? | S191: 根据天赋完善技能倍率和buff
B192: 装备 | C192: {=js(C190,C180:I186)+js(C189,C180:G186)} -> #NAME? | D192: {=js(D190,C180:H186)+js(D189,C180:G186)} -> #NAME? | S192: 根据潜能完善倍率
B193: 总计 | C193: {=SUM(C191:C192)*(1+jsText(LEFT(C189,3),C180:H186)/100)} -> #NAME? | D193: {=SUM(D191:D192)*(1+jsText(LEFT(D189,3),C180:H186)/100)} -> #NAME? | S193: 根据武器添加新buff
B194: 能力值加成 | C194: =C193*0.005+D193*0.002 -> #NAME?
C201: 数值栏 | E201: 攻击计算器 | J201: 面板乘区 | N201: 伤害加成 | T201: 拐 | AE201: 连携
B202: 面板 | C202: 技能名称 | D202: buff名称 | E202: 基础攻击力 | F202: 百分比 | G202: 固定数值 | H202: 能力值加成 | I202: 总攻击力 | J202: 倍率 | K202: 暴击率 | L202: 暴击伤害 | M202: 源石技艺 | N202: 基础伤害加成 | O202: 普攻 | P202: 战技 | Q202: 连携 | R202: 大招 | S202: 总伤害加成 | T202: 脆弱 | U202: 增幅 | V202: 易伤 | W202: 抗性 | X202: 连击 | Y202: 失衡易伤 | Z202: 特殊加成
B203: 干员面板 | H203: =C194 -> #NAME? | I203: =(E203*(1+F203)+G203)*(H203+1) -> #NAME?
C204: 干员普攻 | D204: N/a | E204: =E203 -> 0 | F204: =F203 -> 0 | G204: =G203 -> 0 | H204: =H203 -> #NAME? | I204: =(E204*(1+F204)+G204)*(H204+1) -> #NAME? | J204: =SUM(L191:L195) -> #NAME? | K204: =K203 -> 0 | L204: =L203 -> 0 | M204: =M203 -> 0 | N204: =N203 -> 0 | O204: =O203 -> 0 | P204: =P203 -> 0 | Q204: =Q203 -> 0 | R204: =R203 -> 0 | T204: =T203 -> 0 | U204: =U203 -> 0 | V204: =V203 -> 0 | W204: =W203 -> 0 | X204: =X203 -> 0
C205: 干员前段普攻 | D205: N/a | E205: =E204 -> 0 | F205: =F204 -> 0 | G205: =G204 -> 0 | H205: =H204 -> #NAME? | I205: =(E205*(1+F205)+G205)*(H205+1) -> #NAME? | J205: =SUM(L191:L194) -> #NAME? | K205: =K204 -> 0 | L205: =L204 -> 0 | M205: =M204 -> 0 | N205: =N204 -> 0 | O205: =O204 -> 0 | P205: =P204 -> 0 | Q205: =Q204 -> 0 | R205: =R204 -> 0 | T205: =T204 -> 0 | U205: =U204 -> 0 | V205: =V204 -> 0 | W205: =W204 -> 0 | X205: =X204 -> 0
C206: 干员重击普攻 | D206: N/a | E206: =E205 -> 0 | F206: =F205 -> 0 | G206: =G205 -> 0 | H206: =H205 -> #NAME? | I206: =(E206*(1+F206)+G206)*(H206+1) -> #NAME? | J206: =L195 -> 0 | K206: =K205 -> 0 | L206: =L205 -> 0 | M206: =M205 -> 0 | N206: =N205 -> 0 | O206: =O205 -> 0 | P206: =P205 -> 0 | Q206: =Q205 -> 0 | R206: =R205 -> 0 | T206: =T205 -> 0 | U206: =U205 -> 0 | V206: =V205 -> 0 | W206: =W205 -> 0 | X206: =X205 -> 0
C207: 干员处决普攻 | D207: N/a | E207: =E206 -> 0 | F207: =F206 -> 0 | G207: =G206 -> 0 | H207: =H206 -> #NAME? | I207: =(E207*(1+F207)+G207)*(H207+1) -> #NAME? | J207: =L196 -> 0 | K207: =K206 -> 0 | L207: =L206 -> 0 | M207: =M206 -> 0 | N207: =N206 -> 0 | O207: =O206 -> 0 | P207: =P206 -> 0 | Q207: =Q206 -> 0 | R207: =R206 -> 0 | T207: =T206 -> 0 | U207: =U206 -> 0 | V207: =V206 -> 0 | W207: =W206 -> 0 | X207: =X206 -> 0
C208: 干员下落普攻 | D208: N/a | E208: =E207 -> 0 | F208: =F207 -> 0 | G208: =G207 -> 0 | H208: =H207 -> #NAME? | I208: =(E208*(1+F208)+G208)*(H208+1) -> #NAME? | J208: =L197 -> 0 | K208: =K207 -> 0 | L208: =L207 -> 0 | M208: =M207 -> 0 | N208: =N207 -> 0 | O208: =O207 -> 0 | P208: =P207 -> 0 | Q208: =Q207 -> 0 | R208: =R207 -> 0 | T208: =T207 -> 0 | U208: =U207 -> 0 | V208: =V207 -> 0 | W208: =W207 -> 0 | X208: =X207 -> 0
D209: N/a | E209: =E208 -> 0 | F209: =F208 -> 0 | G209: =G208 -> 0 | H209: =H208 -> #NAME? | I209: =(E209*(1+F209)+G209)*(H209+1) -> #NAME? | K209: =K208 -> 0 | L209: =L208 -> 0 | M209: =M208 -> 0 | N209: =N208 -> 0 | O209: =O208 -> 0 | P209: =P208 -> 0 | Q209: =Q208 -> 0 | R209: =R208 -> 0 | T209: =T208 -> 0 | U209: =U208 -> 0 | V209: =V208 -> 0 | W209: =W208 -> 0 | X209: =X208 -> 0 | AE209: 终结技
D210: N/a | E210: =E209 -> 0 | F210: =F209 -> 0 | G210: =G209 -> 0 | H210: =H209 -> #NAME? | I210: =(E210*(1+F210)+G210)*(H210+1) -> #NAME? | K210: =K209 -> 0 | L210: =L209 -> 0 | M210: =M209 -> 0 | N210: =N209 -> 0 | O210: =O209 -> 0 | P210: =P209 -> 0 | Q210: =Q209 -> 0 | R210: =R209 -> 0 | T210: =T209 -> 0 | U210: =U209 -> 0 | V210: =V209 -> 0 | W210: =W209 -> 0 | X210: =X209 -> 0
D211: N/a | E211: =E210 -> 0 | F211: =F210 -> 0 | G211: =G210 -> 0 | H211: =H210 -> #NAME? | I211: =(E211*(1+F211)+G211)*(H211+1) -> #NAME? | K211: =K210 -> 0 | L211: =L210 -> 0 | M211: =M210 -> 0 | N211: =N210 -> 0 | O211: =O210 -> 0 | P211: =P210 -> 0 | Q211: =Q210 -> 0 | R211: =R210 -> 0 | T211: =T210 -> 0 | U211: =U210 -> 0 | V211: =V210 -> 0 | W211: =W210 -> 0 | X211: =X210 -> 0
D212: N/a | E212: =E211 -> 0 | F212: =F211 -> 0 | G212: =G211 -> 0 | H212: =H211 -> #NAME? | I212: =(E212*(1+F212)+G212)*(H212+1) -> #NAME? | K212: =K211 -> 0 | L212: =L211 -> 0 | M212: =M211 -> 0 | N212: =N211 -> 0 | O212: =O211 -> 0 | P212: =P211 -> 0 | Q212: =Q211 -> 0 | R212: =R211 -> 0 | T212: =T211 -> 0 | U212: =U211 -> 0 | V212: =V211 -> 0 | W212: =W211 -> 0 | X212: =X211 -> 0
D213: N/a | E213: =E212 -> 0 | F213: =F212 -> 0 | G213: =G212 -> 0 | H213: =H212 -> #NAME? | I213: =(E213*(1+F213)+G213)*(H213+1) -> #NAME? | K213: =K212 -> 0 | L213: =L212 -> 0 | M213: =M212 -> 0 | N213: =N212 -> 0 | O213: =O212 -> 0 | P213: =P212 -> 0 | Q213: =Q212 -> 0 | R213: =R212 -> 0 | T213: =T212 -> 0 | U213: =U212 -> 0 | V213: =V212 -> 0 | W213: =W212 -> 0 | X213: =X212 -> 0
D214: N/a | E214: =E213 -> 0 | F214: =F213 -> 0 | G214: =G213 -> 0 | H214: =H213 -> #NAME? | I214: =(E214*(1+F214)+G214)*(H214+1) -> #NAME? | K214: =K213 -> 0 | L214: =L213 -> 0 | M214: =M213 -> 0 | N214: =N213 -> 0 | O214: =O213 -> 0 | P214: =P213 -> 0 | Q214: =Q213 -> 0 | R214: =R213 -> 0 | T214: =T213 -> 0 | U214: =U213 -> 0 | V214: =V213 -> 0 | W214: =W213 -> 0 | X214: =X213 -> 0
D215: N/a | E215: =E214 -> 0 | F215: =F214 -> 0 | G215: =G214 -> 0 | H215: =H214 -> #NAME? | I215: =(E215*(1+F215)+G215)*(H215+1) -> #NAME? | K215: =K214 -> 0 | L215: =L214 -> 0 | M215: =M214 -> 0 | N215: =N214 -> 0 | O215: =O214 -> 0 | P215: =P214 -> 0 | Q215: =Q214 -> 0 | R215: =R214 -> 0 | T215: =T214 -> 0 | U215: =U214 -> 0 | V215: =V214 -> 0 | W215: =W214 -> 0 | X215: =X214 -> 0
D216: N/a | E216: =E215 -> 0 | F216: =F215 -> 0 | G216: =G215 -> 0 | H216: =H215 -> #NAME? | I216: =(E216*(1+F216)+G216)*(H216+1) -> #NAME? | K216: =K215 -> 0 | L216: =L215 -> 0 | M216: =M215 -> 0 | N216: =N215 -> 0 | O216: =O215 -> 0 | P216: =P215 -> 0 | Q216: =Q215 -> 0 | R216: =R215 -> 0 | T216: =T215 -> 0 | U216: =U215 -> 0 | V216: =V215 -> 0 | W216: =W215 -> 0 | X216: =X215 -> 0
D217: N/a | E217: =E216 -> 0 | F217: =F216 -> 0 | G217: =G216 -> 0 | H217: =H216 -> #NAME? | I217: =(E217*(1+F217)+G217)*(H217+1) -> #NAME? | K217: =K216 -> 0 | L217: =L216 -> 0 | M217: =M216 -> 0 | N217: =N216 -> 0 | O217: =O216 -> 0 | P217: =P216 -> 0 | Q217: =Q216 -> 0 | R217: =R216 -> 0 | T217: =T216 -> 0 | U217: =U216 -> 0 | V217: =V216 -> 0 | W217: =W216 -> 0 | X217: =X216 -> 0
B218: 持续时间/s
C219: N/a
C220: N/a
C221: N/a
C222: N/a
C223: N/a
C224: N/a
C225: N/a
C226: N/a
C227: N/a
C228: N/a
C229: N/a
C230: N/a
C231: N/a
A244: 计算器模板
N248: 普通干员充能阈值计算
N249: 单位/次数 | O249: 干员战技返还技力 | P249: 热启动爆发轴 | Q249: 充能轴 | R249: 爆发轴 | S249: 干员所需大招能量 | T249: 干员实际回能 | U249: 干员充能阈值
M250: 释放战技数 | N250: 干员一战技 | O250: =0 -> 0 | S250: 90 | T250: =SUM($Q$16:$R$16)+SUM(Q251:R251)*10 -> 0 | U250: =S250/T250-1 -> #DIV/0!
M251: 释放连携数 | N251: 连携
N252: 干员二战技 | O252: =0 -> 0 | T252: =SUM($Q$16:$R$16)+SUM(Q253:R253)*10 -> 0 | U252: =S252/T252-1 -> #DIV/0!
N253: 连携
N254: 干员三战技 | O254: =0 -> 0 | T254: =SUM($Q$16:$R$16)+SUM(Q255:R255)*10 -> 0 | U254: =S254/T254-1 -> #DIV/0!
N255: 连携
N256: 干员四战技 | O256: =0 -> 0 | T256: =SUM($Q$16:$R$16)+SUM(Q257:R257)*10 -> 0 | U256: =S256/T256-1 -> #DIV/0!
N257: 连携
O258: 队伍消耗技力 | P258: =SUM(P250*(100-$O$7),P252*(100-$O$9),P254*(100-$O$11),P256*(100-$O$13)) -> 0 | Q258: =SUM(Q250*(100-$O$7),Q252*(100-$O$9),Q254*(100-$O$11),Q256*(100-$O$13)) -> 0 | R258: =SUM(R250*(100-$O$7),R252*(100-$O$9),R254*(100-$O$11),R256*(100-$O$13)) -> 0
O259: 全队回复能量 | P259: =P258*6.5/100 -> 0 | Q259: =Q258*6.5/100 -> 0 | R259: =R258*6.5/100 -> 0
C265: =B276/8 -> 0
B266: =B276/8 -> 0 | C266: =SUM(C277:C278) -> 0
B267: =B277+B278 -> 0
...

Sheet 计算公式参考
B2: 详细机制请看 | D2: https://shimo.im/docs/htrCFTqetCEpUXpM
B4: 常规伤害= 基础伤害区* 暴击区* 伤害加成区* 伤害减免区* 易伤区*增幅区* 虚弱区* 庇护区* 脆弱区* 防御区* 失衡易伤区* 抗性区* 特殊乘区* 非主控减伤区* 连击增伤区
B6: 异常伤害= 基础伤害区* 暴击区* 伤害加成区* 伤害减免区* 易伤区* 增幅区* 虚弱区* 庇护区* 脆弱区* 防御区* 失衡易伤区* 抗性区* 特殊乘区* 等级系数区* 源石技艺强度区
B8: 常规伤害详解
B9: 伤害乘区 | C9: 基础伤害区 | D9: 伤害加成区 | E9: 暴击区 | F9: 伤害减免区 | G9: 增幅区 | H9: 虚弱区 | I9: 庇护区 | J9: 脆弱区 | K9: 易伤区 | L9: 防御区 | M9: 失衡易伤区 | N9: 抗性区 | O9: 非主控减伤区 | P9: 连击增伤区 | Q9: 特殊乘区
B10: 对敌方 | C10: 攻击力*伤害倍率+基础伤害提升值 | D10: 1+伤害类型+技能类型+失衡+其他 | E10: 1+暴击率*暴击伤害 | F10: 武器本效果 | G10: 增幅效果 | J10: 脆弱效果 | K10: 受到伤害 | L10: 0.5 | M10: 1.3 | N10: 1-抗性/100+无视抗性/100 | P10: 连击增伤 | Q10: 怪物特殊机制
B11: 对友方 | H11: 卡契尔的终结技 | I11: 昼雪和卡契尔的战技 | L11: =140/240 -> 0.58333333 | M11: 1 | N11: 1/(0.001*敏捷/智识+1）
B13: 纯伤害计算
B14: 伤害乘区 | C14: 基础伤害区 | D14: 伤害加成区 | E14: 增幅区 | F14: 脆弱区 | G14: 易伤区 | H14: 连击增伤区 | I14: 抗性区 | J14: 防御区 | K14: 失衡易伤区 | L14: 暴击区 | M14: 伤害减免区 | N14: 特殊乘区
B15: 对敌方 | C15: 攻击力*伤害倍率+基础伤害提升值 | D15: 1+伤害类型+技能类型+失衡+其他 | E15: 增幅效果 | F15: 脆弱效果 | G15: 受到伤害 | H15: 连击增伤 | I15: 1-抗性/100+无视抗性/100 | J15: 0.5 | K15: 1.3 | L15: 1+暴击率*暴击伤害 | M15: 武器副本效果 | N15: 怪物特殊机制
I16: 1/(0.001*敏捷/智识+1） | J16: =140/240 -> 0.58333333 | K16: 1
B18: 常规伤害看着有这么多乘区。实际上我们可以分为三个部分。一个是主c面板区，一个是拐区，一个是固定区
B19: 主c面板区：基础伤害区*伤害加成区。实际上就是面板攻击力*技能倍率*伤害加成
B20: 拐区：易伤区*增幅区*脆弱区*抗性区*连击增伤区。这是先有大多角色可以改变的乘区
B21: 固定区：防御区*暴击区*失衡易伤区*特殊副本乘区
B22: 与伤害无关区：伤害减免区*虚弱区*庇护区*非主控减伤区
B26: 异常伤害详解
B27: 异常伤害 | C27: 异常等级 | D27: 等级系数区 | E27: 源石技艺强度区
B28: 法术 | D28: 1+(触发者等级-1)/196 | E28: 1+源石技艺强度/100
B29: 物理 | D29: 1+(触发者等级-1)/392
B31: 「法术异常和法术爆发」
B33: [法术附着]：一些技能会对敌人施加[法术附着]，根据敌人身上已有的[法术附着]和本次施加的[法术附着]会触发对应的[法术异常]和[法术爆发]效果。
B34: [导电]：对处于其他[法术附着]状态下的敌人施加电磁附着时，会消耗所有的[法术附着]层数触发[导电]，根据异常等级，造成电磁伤害，敌人受到的法术伤害提高 12%/16%/20%/24%，[导电]状态初始持续时间为 12/18/24/30 秒。
B35: [腐蚀]：对处于其他[法术附着]状态下的敌人施加自然附着时，会消耗所有的[法术附着]层数触发[腐蚀]，根据异常等级，造成自然伤害，敌人初始降低 3.6/4.8/6/7.2 点全属性抗性，每秒降低 0.84/1.12/1.4/1.68 点全属性抗性，至多降低 12/16/20/24 点全属性抗性，[腐蚀]状态初始持续时间为 15 秒。如果刷新[腐蚀]状态，会维持之前的抗性下降。
B36: [燃烧]：对处于其他[法术附着]状态下的敌人施加灼热附着时，会消耗所有的[法术附着]层数触发[燃烧]，根据异常等级，造成灼热伤害，敌人每秒受到一次持续伤害，[燃烧]状态初始持续时间为 10 秒。
B37: [冻结]：对处于其他[法术附着]状态下的敌人施加寒冷附着时，会消耗所有的[法术附着]层数触发[冻结]，根据异常等级，造成寒冷伤害，并使弱小的敌人无法行动，[冻结]状态初始持续时间依次为 6/7/8/9 秒。
B38: [碎冰]：对处于[冻结]状态下的敌人施加[破防]或物理异常时会触发[碎冰]，消耗敌人的[冻结]状态，并造成大量物理伤害。
B39: [法术爆发]：对处于[法术附着]状态下的敌人施加相同属性[法术附着]时，会叠加一次对应属性[法术附着]（最多为 4 层），并对敌人造成一次对应属性伤害。
B41: [导电]、[腐蚀]、[燃烧]和[冻结]的初始伤害倍率= 80%* (1+ 异常等级)
B42: [燃烧]的持续伤害倍率= 12%* (1+ 异常等级)
B43: [碎冰]的伤害倍率= 120%* (1+ 异常等级)
B44: 任意[法术爆发]的伤害倍率= 160%
... B57: [猛击]的伤害倍率= 150%* (1+ 异常等级)

Sheet 武器库
B1: 默认满级0潜能,满珠子
B2: 名称 | C2: 词条1 | D2: 词条2 | E2: 词条3 | F2: 额外词条
A3: 大剑 | B3: 赫拉芬格 | C3: 力量156 | D3: 攻击力39 | E3: 全技伤32.0 | F3: 装备者通过战技施加寒冷附着时，获得寒冷伤害+16.0%，持续15秒。装备者对寒冷附着的敌人造成连携技伤害时，获得寒冷伤害+32.0%，持续15秒。
A9: 施术单元 | B9: 爆破单元 | C9: 主能力值132 | D9: 源石技艺78 | E9: 副能力16.0 | F9: 装备者造成法术爆发时，使目标敌人受到的法术伤害+14.4%，持续15秒。
B10: 沧溟星梦 | C10: 智识156 | D10: 治疗效率46.4 | E10: 副能力25.6 | F10: 装备者消耗腐蚀后，使目标敌人受到的法术伤害+16.0%，持续25秒。
B11: 悼亡诗 | C11: 智识105 | D11: 攻击力31.2 | E11: 最大生命值+16.0%。 | F11: 装备者施放终结技时，和自身属性不同的干员获得攻击力12.8，持续20秒。
B12: 使命必达 | C12: 意志+156 | D12: 充能46.4 | E12: 自然伤害+25.6 | F12: 装备者通过自身连携技造成击飞后，全队造成的法术伤害+19.2%，持续15秒。每有一个被击飞的敌人，全队造成的法术伤害额外+5.6%，最多+16.8%。
B13: 骑士精神 | C13: 意志+156 | D13: 最大生命值+78.0 | E13: 治疗效率+16.0 | F13: 装备者通过自身技能治疗后，全队攻击力+14.4%，持续15秒
B14: 孤舟 | C14: 意志+156 | D14: 攻击力+39.0 | E14: 电磁伤害+44.8 | F14: 装备者通过战技消耗法术异常时，战技造成的电磁+伤害+56.0%，持续20秒。该效果最多叠加2层。装备者施放终结技后，战技造成的电磁+伤害+112.0%，持续25秒。
B15: 雾中微光 | C15: 意志+156 | D15: 电磁伤害+43.3 | E15: 攻击力+11.2 | F15: 装备者获得电磁增幅时，电磁伤害+8.8%，持续30秒。
B16: 迷失荒野 | C16: 智识+124 | D16: 电磁伤害+34.7 | E16: 源石技艺+16 | F16: 装备者施加导电时，全队获得物理和电磁伤害+12.8%，持续15秒。
B17: 吉米尼12 | C17: 主能力值+10 | D17: 攻击力值+12
A22: 手铳 | B22: 落草 | C22: 敏捷156 | D22: 攻击力39 | E22: 寒冷伤害25.6 | F22: 装备者通过战技或终结技施加寒冷附着时，获得寒冷伤害+32.0%，持续20秒。装备者通过战技或终结技施加法术脆弱时，使目标敌人受到的法术伤害+9.6%，持续20秒。
B23: 望乡 | C23: 敏捷156 | D23: 寒冷伤害+43.3 | E23: 攻击力11.2 | F23: 装备者施放连携技后，战技造成的寒冷和自然伤害+12.8%，持续20秒。
B24: 艺术暴君 | C24: 智识+156 | D24: 暴击+19.5 | E24: 寒冷伤害+25.6 | F24: 装备者的战技或连携技造成暴击伤害后，寒冷+伤害+22.4%，持续30秒
B25: 楔子 | C25: 主能力值+132 | D25: 暴击+19.5 | E25: 法术伤害+19.2 | F25: 装备者施放战技时，获得法术伤害+12.8%，持续15秒。装备者通过自身战技施加法术异常时，获得法术伤害+25.6%，持续15秒
B26: 佩科5 | C26: 主能力值+10 | D26: 攻击力值+12
A31: 单手剑 | B31: 宏愿 | C31: 敏捷+156 | D31: 攻击力+39.0% | E31: 技艺48 | F31: 装备者施加源石结晶或冻结时，20秒内的下次战技或终结技期间，造成的物理伤害+57.6%。
B32: 狼之绯 | C32: 敏捷+156 | D32: 暴击19.5 | E32: 攻击力25.6 | F32: 装备者造成暴击伤害后，获得1层狼血，物理和灼热伤害+1.6%，最多叠加16层。当狼血叠加至16层后，物理和灼热伤害额外+38.4%，持续20秒。持续时间结束后，清空所有狼血叠加层数。
B33: 光荣记忆 | C33: 敏捷+156 | D33: 暴击19.5 | E33: 攻击力12.6 | F33: 装备者通过技能施加破防时，30秒内的下次终结技期间造成的伤害+21.6%。
B34: 显赫声名 | C34: 主能力值+132 | D34: 物伤43.3 | E34: 攻击力+16.0 | F34: 装备者消耗破防层数后，自身攻击力+[7.0%+3.5%×消耗层数]，小队内其他干员获得一半的效果，持续20秒。
B35: 熔铸火焰 | C35: 智识+156 | D35: 攻击力+39.0 | E35: 灼热伤害+25.6 | F35: 装备者施放终结技时，获得普通攻击伤害+120.0%，持续20秒
B36: 白夜新星 | C36: 主能力值+132 | D36: 源石技艺+78 | E36: 法术伤害+19.2 | F36: 装备者施加燃烧或导电后，法术+伤害+19.2，源石技艺强度+40，持续15秒。
B37: 热熔切割器 | C37: 意志+156 | D37: 攻击力+39.0 | E37: 攻击力+16.0 | F37: 装备者通过自身技能恢复技力或获得连击状态后，全队攻击力+8.0%，持续20秒
B38: OBJ轻芒 | C38: 敏捷+124 | D38: 攻击力+31.2 | E38: 副能力+8.0 | F38: 装备者通过自身技能恢复技力后，全队造成的灼热和电磁伤害+4.8%，持续20秒。

Sheet 994武器库
B1: 默认满级0潜能,满珠子
B2: 名称 | C2: 词条1 | D2: 词条2 | E2: 词条3 | F2: 额外词条
A3: 大剑 | B3: 赫拉芬格 | C3: 力量156 | D3: 攻击力39 | E3: 全技伤32.0 | F3: 装备者通过战技施加寒冷附着时，获得寒冷伤害+16.0%，持续15秒。装备者对寒冷附着的敌人造成连携技伤害时，获得寒冷伤害+32.0%，持续15秒。
A9: 施术单元 | B9: 爆破单元 | C9: 主能力值132 | D9: 源石技艺78 | E9: 副能力16.0 | F9: 装备者造成法术爆发时，使目标敌人受到的法术伤害+14.4%，持续15秒。
B10: 沧溟星梦 | C10: 智识156 | D10: 治疗效率46.4 | E10: 副能力25.6 | F10: 装备者消耗腐蚀后，使目标敌人受到的法术伤害+16.0%，持续25秒。
B11: 悼亡诗 | C11: 智识105 | D11: 攻击力31.2 | E11: 最大生命值+16.0%。 | F11: 装备者施放终结技时，和自身属性不同的干员获得攻击力12.8，持续20秒。
B12: 使命必达 | C12: 意志+156 | D12: 充能46.4 | E12: 自然伤害+25.6 | F12: 装备者通过自身连携技造成击飞后，全队造成的法术伤害+19.2%，持续15秒。每有一个被击飞的敌人，全队造成的法术伤害额外+5.6%，最多+16.8%。
B13: 骑士精神 | C13: 意志+156 | D13: 最大生命值+78.0 | E13: 治疗效率+16.0 | F13: 装备者通过自身技能治疗后，全队攻击力+14.4%，持续15秒
B14: 孤舟 | C14: 意志+156 | D14: 攻击力+39.0 | E14: 电磁伤害+25.6 | F14: 装备者通过战技消耗法术异常时，战技造成的电磁+伤害+32.0%，持续20秒。该效果最多叠加2层。装备者施放终结技后，战技造成的电磁+伤害+64.0%，持续25秒。
B15: 雾中微光 | C15: 意志+156 | D15: 电磁伤害+43.3 | E15: 攻击力+11.2 | F15: 装备者获得电磁增幅时，电磁伤害+8.8%，持续30秒。
B16: 迷失荒野 | C16: 智识+124 | D16: 电磁伤害+34.7 | E16: 源石技艺+16 | F16: 装备者施加导电时，全队获得物理和电磁伤害+12.8%，持续15秒。
B17: 吉米尼12 | C17: 主能力值+10 | D17: 攻击力值+12
A22: 手铳 | B22: 落草 | C22: 敏捷156 | D22: 攻击力39 | E22: 寒冷伤害25.6 | F22: 装备者通过战技或终结技施加寒冷附着时，获得寒冷伤害+32.0%，持续20秒。装备者通过战技或终结技施加法术脆弱时，使目标敌人受到的法术伤害+9.6%，持续20秒。
B23: 望乡 | C23: 敏捷156 | D23: 寒冷伤害+43.3 | E23: 攻击力11.2 | F23: 装备者施放连携技后，战技造成的寒冷和自然伤害+12.8%，持续20秒。
B24: 艺术暴君 | C24: 智识+156 | D24: 暴击+19.5 | E24: 寒冷伤害+25.6 | F24: 装备者的战技或连携技造成暴击伤害后，寒冷+伤害+22.4%，持续30秒
B25: 楔子 | C25: 主能力值+132 | D25: 暴击+19.5 | E25: 法术伤害+19.2 | F25: 装备者施放战技时，获得法术伤害+12.8%，持续15秒。装备者通过自身战技施加法术异常时，获得法术伤害+25.6%，持续15秒
B26: 佩科5 | C26: 主能力值+10 | D26: 攻击力值+12
A31: 单手剑 | B31: 宏愿 | C31: 敏捷+156 | D31: 攻击力+39.0% | E31: 技艺48 | F31: 装备者施加源石结晶或冻结时，20秒内的下次战技或终结技期间，造成的物理伤害+57.6%。
B32: 狼之绯 | C32: 敏捷+156 | D32: 暴击19.5 | E32: 攻击力25.6 | F32: 装备者造成暴击伤害后，获得1层狼血，物理和灼热伤害+1.6%，最多叠加16层。当狼血叠加至16层后，物理和灼热伤害额外+38.4%，持续20秒。持续时间结束后，清空所有狼血叠加层数。
B33: 光荣记忆 | C33: 敏捷+156 | D33: 暴击19.5 | E33: 攻击力12.6 | F33: 装备者通过技能施加破防时，30秒内的下次终结技期间造成的伤害+21.6%。
B34: 显赫声名 | C34: 主能力值+132 | D34: 物伤43.3 | E34: 攻击力+16.0 | F34: 装备者消耗破防层数后，自身攻击力+[7.0%+3.5%×消耗层数]，小队内其他干员获得一半的效果，持续20秒。
B35: 熔铸火焰 | C35: 智识+156 | D35: 攻击力+39.0 | E35: 灼热伤害+25.6 | F35: 装备者施放终结技时，获得普通攻击伤害+120.0%，持续20秒
B36: 白夜新星 | C36: 主能力值+132 | D36: 源石技艺+78 | E36: 法术伤害+19.2 | F36: 装备者施加燃烧或导电后，法术+伤害+19.2，源石技艺强度+40，持续15秒。
B37: 热熔切割器 | C37: 意志+156 | D37: 攻击力+39.0 | E37: 攻击力+16.0 | F37: 装备者通过自身技能恢复技力或获得连击状态后，全队攻击力+8.0%，持续20秒
B38: OBJ轻芒 | C38: 敏捷+124 | D38: 攻击力+31.2 | E38: 副能力+8.0 | F38: 装备者通过自身技能恢复技力后，全队造成的灼热和电磁伤害+4.8%，持续20秒。

Sheet 拐力角色库
AF6: 1 | AG6: 2 | AH6: 3 | AI6: 4 | AJ6: 5 | AK6: 6 | AL6: 7 | AM6: 8 | AN6: 9 | AO6: M1 | AP6: M2 | AQ6: M3
B7: 小羊
B8: 装备栏 | C8: 武器 | D8: 护甲 | E8: 护手 | F8: 配件1 | G8: 配件2 | H8: 套装效果 | I8: 潜能 | AE8: 战技
B9: 名称 | C9: 沧溟星梦 | D9: 长息装甲 | E9: 长息护手一 | F9: 长息辅助臂 | G9: 动火用测温镜 | H9: =IF(COUNTIF(E9:G9,LEFT(D9,2)&"*")>=2,LEFT(D9,2), IF(COUNTIF(F9:G9,LEFT(E9,2)&"*")=2,LEFT(E9,2), "")) -> 长息 | I9: 0 | AF9: 1 | AG9: 2 | AH9: 3 | AI9: 4 | AJ9: 5 | AK9: 6 | AL9: 7 | AM9: 8 | AN9: 9 | AO9: M1 | AP9: M2 | AQ9: M3
B10: 等级 | D10: 3 | E10: 3 | F10: 3 | G10: 3 | AE10: 伤害倍率 | AF10: 1.42 | AG10: 1.56 | AH10: 1.71 | AI10: 1.85 | AJ10: 1.99 | AK10: 2.13 | AL10: 2.28 | AM10: 2.42 | AN10: 2.56 | AO10: 2.74 | AP10: 2.95 | AQ10: 3.2
B11: 词条1 | C11: =_xlfn.XLOOKUP(C9,武器库!$B:$B,武器库!$C:$C,"") -> 智识156 | D11: =VLOOKUP(D9,护甲库!$A:$M,2+D10*3,FALSE) -> 意志113 | E11: =VLOOKUP(E9,护手库!$A:$M,2+E10*3,FALSE) -> 智识84 | F11: =VLOOKUP(F9,配件库!$A:$M,2+F10*3,FALSE) -> 意志41 | G11: =VLOOKUP(G9,配件库!$A:$M,2+G10*3,FALSE) -> 智识53 | AE11: 失衡值 | AF11: 10 | AG11: 10 | AH11: 10 | AI11: 10 | AJ11: 10 | AK11: 10 | AL11: 10 | AM11: 10 | AN11: 10 | AO11: 10 | AP11: 10 | AQ11: 10
B12: 词条2 | C12: =_xlfn.XLOOKUP(C9,武器库!$B:$B,武器库!$D:$D,"") -> 治疗效率46.4 | D12: =VLOOKUP(D9,护甲库!$A:$M,3+D10*3,FALSE) -> 智识75 | E12: =VLOOKUP(E9,护手库!$A:$M,3+E10*3,FALSE) -> 意志55 | F12: =VLOOKUP(F9,配件库!$A:$M,3+F10*3,FALSE) -> 智识27 | G12: =VLOOKUP(G9,配件库!$A:$M,3+G10*3,FALSE) -> 0 | AE12: 脆弱效果 | AF12: 0.12 | AG12: 0.12 | AH12: 0.12 | AI12: 0.13 | AJ12: 0.13 | AK12: 0.13 | AL12: 0.14 | AM12: 0.14 | AN12: 0.16 | AO12: 0.17 | AP12: 0.18 | AQ12: 0.2
B13: 词条3 | C13: =_xlfn.XLOOKUP(C9,武器库!$B:$B,武器库!$E:$E,"") -> 副能力25.6 | D13: =VLOOKUP(D9,护甲库!$A:$M,4+D10*3,FALSE) -> 技艺26 | E13: =VLOOKUP(E9,护手库!$A:$M,4+E10*3,FALSE) -> 充能26.7 | F13: =VLOOKUP(F9,配件库!$A:$M,4+F10*3,FALSE) -> 充能32.0 | G13: =VLOOKUP(G9,配件库!$A:$M,4+G10*3,FALSE) -> 战技53.8 | AE13: 脆弱持续时间（秒） | AF13: 30 | AG13: 30 | AH13: 30 | AI13: 30 | AJ13: 30 | AK13: 30 | AL13: 30 | AM13: 30 | AN13: 30 | AO13: 30 | AP13: 30 | AQ13: 30
B14: 武器效果 | C14: =_xlfn.XLOOKUP(C9,武器库!$B:$B,武器库!$F:$F,"") -> 装备者消耗腐蚀后，使目标敌人受到的法术伤害+16.0%，持续25秒。
B15: 套装效果 | C15: =VLOOKUP(H9,套装效果库!A:B,2,0) -> 生命值+1000。装备者施加增幅、庇护、脆弱、虚弱后，使其他队友造成的伤害+16%，持续15秒。该效果无法叠加。
C18: 主能力值 | D18: 副能力值 | L18: 普攻 | M18: 战技 | N18: 连携 | O18: 大招
C19: 智识 | D19: 意志 | E19: 副能力 | F19: 技艺 | G19: 战技 | H19: 治疗效率 | K19: 等级 | L19: 0 | M19: M3 | N19: 0 | O19: 0
B20: 角色 | C20: =145+60 -> 205 | D20: 118 | E20: {=SUM(IFERROR( VALUE(MID($C10:$G13, SEARCH(E19, $C10:$G13) + LEN(E19), 10)) * ISNUMBER(SEARCH(E19,$C10:$G13)), 0 ))/100+IFERROR( MID($C15, SEARCH(E19, $C15) + LEN(E19), 2) / 100, 0 )} -> 0.256 | F20: {=SUM(IFERROR( VALUE(MID($C10:$G13, SEARCH(F19, $C10:$G13) + LEN(F19), 10)) * ISNUMBER(SEARCH(F19,$C10:$G13)), 0 ))/100+IFERROR( MID($C15, SEARCH(F19, $C15) + LEN(F19), 2) / 100, 0 )} -> 0.26 | G20: {=SUM(IFERROR( VALUE(MID($C10:$G13, SEARCH(G19, $C10:$G13) + LEN(G19), 10)) * ISNUMBER(SEARCH(G19,$C10:$G13)), 0 ))/100+IFERROR( MID($C15, SEARCH(G19, $C15) + LEN(G19), 2) / 100, 0 )} -> 0.538 | H20: {=SUM(IFERROR( VALUE(MID($C10:$G13, SEARCH(H19, $C10:$G13) + LEN(H19), 10)) * ISNUMBER(SEARCH(H19,$C10:$G13)), 0 ))/100+IFERROR( MID($C15, SEARCH(H19, $C15) + LEN(H19), 2) / 100, 0 )} -> 0.464 | I20: {=SUM(IFERROR( VALUE(MID($C10:$G13, SEARCH(I19, $C10:$G13) + LEN(I19), 10)) * ISNUMBER(SEARCH(I19,$C10:$G13)), 0 ))/100+IFERROR( MID($C15, SEARCH(I19, $C15) + LEN(I19), 2) / 100, 0 )} -> 0.12 | K20: 技能倍率 | L20: {=_xlfn.XLOOKUP(L19,$AE$6:$AQ$6,AE9:AQ15,0,0,1)} -> 0 | M20: {=_xlfn.XLOOKUP(M19,$AE$6:$AQ$6,AE10:AQ13,0,0,1)} -> 3.2 | N20: {=_xlfn.XLOOKUP(N19,$AE$6:$AQ$6,AE40:AQ43,0,0,1)} -> 0 | O20: {=_xlfn.XLOOKUP(O19,$AE$6:$AQ$6,AE48:AQ53,0,0,1)} -> 0
B21: 装备 | C21: {=SUM(IFERROR( VALUE(MID($C10:$G13, FIND(C19, $C10:$G13) + LEN(C19), 10)) * ISNUMBER(FIND(C19, $C10:$G13)), 0 ))+SUM(IFERROR( VALUE(MID($C10:$G13, FIND(C18, $C10:$G13) + LEN(C18), 10)) * ISNUMBER(FIND(C18, $C10:$G13)), 0 ))+IFERROR( MID($C15, SEARCH(C19, $C15) + LEN(C19), 2) / 100, 0 )+IFERROR( MID($C15, SEARCH(C18, $C15) + LEN(C18), 2) / 100, 0 )} -> 395 | D21: {=SUM(IFERROR( VALUE(MID($C10:$G13, FIND(D19, $C10:$G13) + LEN(D19), 10)) * ISNUMBER(FIND(D19, $C10:$G13)), 0 ))+SUM(IFERROR( VALUE(MID($C10:$G13, FIND(D18, $C10:$G13) + LEN(D18), 10)) * ISNUMBER(FIND(D18, $C10:$G13)), 0 ))+IFERROR( MID($C15, SEARCH(D19, $C15) + LEN(D19), 2) / 100, 0 )+IFERROR( MID($C15, SEARCH(D18, $C15) + LEN(D18), 2) / 100, 0 )} -> 209 | M21: 10
B22: 总计 | C22: {=ROUNDUP(SUM(C20:C21)*(1+IF(LEN(TRIM(LEFT(C18,3)))=0, 0, SUMPRODUCT( IFERROR( VALUE(MID($C10:$G13, SEARCH(LEFT(C18,3), $C10:$G13) + 3, 10)) * ISNUMBER(SEARCH(LEFT(C18,3), $C10:$G13)), 0 ) )+IFERROR( MID($C15, SEARCH(C19, $C15) + LEN(C19), 2) / 100, 0 ) )/100),0)} -> 600 | D22: {=ROUNDUP(SUM(D20:D21)*(1+IF(LEN(TRIM(LEFT(D18,3)))=0, 0, SUMPRODUCT( IFERROR( VALUE(MID($C10:$G13, SEARCH(LEFT(D18,3), $C10:$G13) + 3, 10)) * ISNUMBER(SEARCH(LEFT(D18,3), $C10:$G13)), 0 ) )+IFERROR( MID($C15, SEARCH(D19, $C15) + LEN(D19), 2) / 100, 0 ) )/100),0)} -> 411 | M22: 0.2
B23: 能力值加成 | C23: =C22*0.005+D22*0.002 -> 3.822 | M23: 30
C32: 数值栏 | E32: 攻击计算器 | J32: 面板乘区 | N32: 伤害加成 | T32: 拐
B33: 面板 | C33: 技能名称 | D33: buff名称 | E33: 基础攻击力 | F33: 百分比 | G33: 固定数值 | H33: 能力值加成 | I33: 总攻击力 | J33: 倍率 | K33: 暴击率 | L33: 暴击伤害 | M33: 源石技艺 | N33: 基础伤害加成 | O33: 普攻 | P33: 战技 | Q33: 连携 | R33: 大招 | S33: 总伤害加成 | T33: 脆弱 | U33: 增幅 | V33: 易伤 | W33: 抗性 | X33: 连击 | Y33: 失衡易伤 | Z33: 特殊加成
B34: 小羊 | C34: 小羊连携 | D34: N/a
C35: 小羊强化战技 | D35: N/a
B36: 30 | C36: N/a | D36: 小羊强化战技脆弱 | T36: =IF($I$9>0,$L$22+0.08,$L$22) -> 0
B37: 25 | C37: N/a | D37: 小羊强化战技易伤 | V37: =0.14 -> 0.14
B38: 5 | C38: N/a | D38: 小羊连携未满腐蚀 | E38: 抗性 | W38: =0.12*(1+2*$F$20*100/(300+100*$F$20)) -> 0.1391411
B39: 10 | C39: N/a | D39: 小羊连携满腐蚀 | E39: 抗性 | W39: =0.078*(1+2*$F$20*100/(300+100*$F$20)) -> 0.090441718
B40: 15 | C40: N/a | D40: 小羊长息 | N40: =0.16 -> 0.16
B46: 洁哥
B47: 装备栏 | C47: 武器 | D47: 护甲 | E47: 护手 | F47: 配件1 | G47: 配件2 | H47: 套装效果 | I47: 潜能 | AE47: 大招
B48: 名称 | C48: 使命必达 | D48: 点剑轻装甲 | E48: 长息护手一 | F48: 点剑定位信标 | G48: 点剑定位信标 | H48: =IF(COUNTIF(E48:G48,LEFT(D48,2)&"*")>=2,LEFT(D48,2), IF(COUNTIF(F48:G48,LEFT(E48,2)&"*")=2,LEFT(E48,2), "")) -> 点剑 | I48: 0 | AE48: 技能等级 | AF48: 1级 | AG48: 2级 | AH48: 3级 | AI48: 4级 | AJ48: 5级 | AK48: 6级 | AL48: 7级 | AM48: 8级 | AN48: 9级 | AO48: 专1 | AP48: 专2 | AQ48: 专3
B49: 等级 | D49: 3 | E49: 3 | F49: 3 | G49: 3 | AE49: 所需终结技能量 | AF49: 90 | AG49: 90 | AH49: 90 | AI49: 90 | AJ49: 90 | AK49: 90 | AL49: 90 | AM49: 90 | AN49: 90 | AO49: 90 | AP49: 90 | AQ49: 90
B50: 词条1 | C50: =_xlfn.XLOOKUP(C48,武器库!$B:$B,武器库!$C:$C,"") -> 意志+156 | D50: =VLOOKUP(D48,护甲库!$A:$M,2+D49*3,FALSE) -> 力量113 | E50: =VLOOKUP(E48,护手库!$A:$M,2+E49*3,FALSE) -> 智识84 | F50: =VLOOKUP(F48,配件库!$A:$M,2+F49*3,FALSE) -> 力量53 | G50: =VLOOKUP(G48,配件库!$A:$M,2+G49*3,FALSE) -> 力量53 | AE50: 冷却时间 | AF50: 20秒 | AG50: 20秒 | AH50: 20秒 | AI50: 20秒 | AJ50: 20秒 | AK50: 20秒 | AL50: 20秒 | AM50: 20秒 | AN50: 20秒 | AO50: 20秒 | AP50: 20秒 | AQ50: 20秒
B51: 词条2 | C51: =_xlfn.XLOOKUP(C48,武器库!$B:$B,武器库!$D:$D,"") -> 充能46.4 | D51: =VLOOKUP(D48,护甲库!$A:$M,3+D49*3,FALSE) -> 意志75 | E51: =VLOOKUP(E48,护手库!$A:$M,3+E49*3,FALSE) -> 意志55 | F51: =VLOOKUP(F48,配件库!$A:$M,3+F49*3,FALSE) -> 0 | G51: =VLOOKUP(G48,配件库!$A:$M,3+G49*3,FALSE) -> 0 | AE51: 伤害倍率 | AF51: 3.33 | AG51: 3.67 | AH51: 4 | AI51: 4.33 | AJ51: 4.67 | AK51: 5 | AL51: 5.34 | AM51: 5.67 | AN51: 6 | AO51: 6.42 | AP51: 6.92 | AQ51: 7.5
B52: 词条3 | C52: =_xlfn.XLOOKUP(C48,武器库!$B:$B,武器库!$E:$E,"") -> 自然伤害+25.6 | D52: =VLOOKUP(D48,护甲库!$A:$M,4+D49*3,FALSE) -> 充能16.0 | E52: =VLOOKUP(E48,护手库!$A:$M,4+E49*3,FALSE) -> 充能26.7 | F52: =VLOOKUP(F48,配件库!$A:$M,4+F49*3,FALSE) -> 技艺53 | G52: =VLOOKUP(G48,配件库!$A:$M,4+G49*3,FALSE) -> 技艺53 | AE52: 失衡值 | AF52: 20 | AG52: 20 | AH52: 20 | AI52: 20 | AJ52: 20 | AK52: 20 | AL52: 20 | AM52: 20 | AN52: 20 | AO52: 20 | AP52: 20 | AQ52: 20
B53: 武器效果 | C53: =_xlfn.XLOOKUP(C48,武器库!$B:$B,武器库!$F:$F,"") -> 装备者通过自身连携技造成击飞后，全队造成的法术伤害+19.2%，持续15秒。每有一个被击飞的敌人，全队造成的法术伤害额外+5.6%，最多+16.8%。 | AE53: 力场持续时间（秒） | AF53: 5 | AG53: 5 | AH53: 5 | AI53: 5 | AJ53: 5 | AK53: 5 | AL53: 5 | AM53: 5 | AN53: 5 | AO53: 5 | AP53: 5 | AQ53: 5
B54: 套装效果 | C54: =VLOOKUP(H48,套装效果库!A:B,2,0) -> 失衡效率20。当装备者造成物理异常后，额外造成一次250%攻击力的物理伤害[10点失衡值]。该效果每15秒最多触发一次。 | AE54: 缓速效果 | AF54: 0.8 | AG54: 0.8 | AH54: 0.8 | AI54: 0.8 | AJ54: 0.8 | AK54: 0.8 | AL54: 0.8 | AM54: 0.8 | AN54: 0.8 | AO54: 0.8 | AP54: 0.8 | AQ54: 0.8
AE55: 基础法术脆弱效果 | AF55: 0.18 | AG55: 0.18 | AH55: 0.18 | AI55: 0.22 | AJ55: 0.22 | AK55: 0.22 | AL55: 0.26 | AM55: 0.26 | AN55: 0.26 | AO55: 0.3 | AP55: 0.3 | AQ55: 0.3
AE56: 每层破防提升法术脆弱 | AF56: 0.018 | AG56: 0.018 | AH56: 0.018 | AI56: 0.022 | AJ56: 0.022 | AK56: 0.022 | AL56: 0.026 | AM56: 0.026 | AN56: 0.026 | AO56: 0.03 | AP56: 0.03 | AQ56: 0.03
C57: 主能力值 | D57: 副能力值 | L57: 普攻 | M57: 战技 | N57: 连携 | O57: 大招
C58: 意志 | D58: 智识 | E58: 充能 | F58: 技艺 | G58: 自然伤害 | K58: 等级 | L58: 0 | M58: 0 | N58: 0 | O58: M3
B59: 角色 | C59: =154+40 -> 194 | D59: =114 -> 114 | E59: {=SUM(IFERROR( VALUE(MID($C49:$G52, SEARCH(E58, $C49:$G52) + LEN(E58), 10)) * ISNUMBER(SEARCH(E58,$C49:$G52)), 0 ))/100+IFERROR( MID($C54, SEARCH(E58, $C54) + LEN(E58), 2) / 100, 0 )} -> 0.891 | F59: {=SUM(IFERROR( VALUE(MID($C49:$G52, SEARCH(F58, $C49:$G52) + LEN(F58), 10)) * ISNUMBER(SEARCH(F58,$C49:$G52)), 0 ))/100+IFERROR( MID($C54, SEARCH(F58, $C54) + LEN(F58), 2) / 100, 0 )} -> 1.06 | G59: {=SUM(IFERROR( VALUE(MID($C49:$G52, SEARCH(G58, $C49:$G52) + LEN(G58), 10)) * ISNUMBER(SEARCH(G58,$C49:$G52)), 0 ))/100+IFERROR( MID($C54, SEARCH(G58, $C54) + LEN(G58), 2) / 100, 0 )} -> 0.256 | H59: {=SUM(IFERROR( VALUE(MID($C49:$G52, SEARCH(H58, $C49:$G52) + LEN(H58), 10)) * ISNUMBER(SEARCH(H58,$C49:$G52)), 0 ))/100+IFERROR( MID($C54, SEARCH(H58, $C54) + LEN(H58), 2) / 100, 0 )} -> 0.12 | I59: {=SUM(IFERROR( VALUE(MID($C49:$G52, SEARCH(I58, $C49:$G52) + LEN(I58), 10)) * ISNUMBER(SEARCH(I58,$C49:$G52)), 0 ))/100+IFERROR( MID($C54, SEARCH(I58, $C54) + LEN(I58), 2) / 100, 0 )} -> 0.12 | K59: 技能倍率 | L59: {=_xlfn.XLOOKUP(L58,$AE$6:$AQ$6,AE48:AQ54,0,0,1)} -> 0 | M59: {=_xlfn.XLOOKUP(M58,$AE$6:$AQ$6,AE60:AQ67,0,0,1)} -> 0 | N59: {=_xlfn.XLOOKUP(N58,$AE$6:$AQ$6,AE72:AQ75,0,0,1)} -> 0 | O59: {=_xlfn.XLOOKUP(O58,$AE$6:$AQ$6,AE49:AQ56,0,0,1)} -> 90
B60: 装备 | C60: {=SUM(IFERROR( VALUE(MID($C49:$G52, FIND(C58, $C49:$G52) + LEN(C58), 10)) * ISNUMBER(FIND(C58, $C49:$G52)), 0 ))+SUM(IFERROR( VALUE(MID($C49:$G52, FIND(C57, $C49:$G52) + LEN(C57), 10)) * ISNUMBER(FIND(C57, $C49:$G52)), 0 ))+IFERROR( MID($C54, SEARCH(C58, $C54) + LEN(C58), 2) / 100, 0 )+IFERROR( MID($C54, SEARCH(C57, $C54) + LEN(C57), 2) / 100, 0 )} -> 286 | D60: {=SUM(IFERROR( VALUE(MID($C49:$G52, FIND(D58, $C49:$G52) + LEN(D58), 10)) * ISNUMBER(FIND(D58, $C49:$G52)), 0 ))+SUM(IFERROR( VALUE(MID($C49:$G52, FIND(D57, $C49:$G52) + LEN(D57), 10)) * ISNUMBER(FIND(D57, $C49:$G52)), 0 ))+IFERROR( MID($C54, SEARCH(D58, $C54) + LEN(D58), 2) / 100, 0 )+IFERROR( MID($C54, SEARCH(D57, $C54) + LEN(D57), 2) / 100, 0 )} -> 84 | O60: 20秒
B61: 总计 | C61: {=ROUNDUP(SUM(C59:C60)*(1+IF(LEN(TRIM(LEFT(C57,3)))=0, 0, SUMPRODUCT( IFERROR( VALUE(MID($C49:$G52, SEARCH(LEFT(C57,3), $C49:$G52) + 3, 10)) * ISNUMBER(SEARCH(LEFT(C57,3), $C49:$G52)), 0 ) )+IFERROR( MID($C54, SEARCH(C58, $C54) + LEN(C58), 2) / 100, 0 ) )/100),0)} -> 480 | D61: {=ROUNDUP(SUM(D59:D60)*(1+IF(LEN(TRIM(LEFT(D57,3)))=0, 0, SUMPRODUCT( IFERROR( VALUE(MID($C49:$G52, SEARCH(LEFT(D57,3), $C49:$G52) + 3, 10)) * ISNUMBER(SEARCH(LEFT(D57,3), $C49:$G52)), 0 ) )+IFERROR( MID($C54, SEARCH(D58, $C54) + LEN(D58), 2) / 100, 0 ) )/100),0)} -> 198 | O61: 7.5
B62: 能力值加成 | C62: =C61*0.005+D61*0.002 -> 2.796 | O62: 20
O63: 5
O64: 0.8
O65: 0.3
O66: 0.03
C68: 数值栏 | E68: 攻击计算器 | J68: 面板乘区 | N68: 伤害加成 | T68: 拐
B69: 面板 | C69: 技能名称 | D69: buff名称 | E69: 基础攻击力 | F69: 百分比 | G69: 固定数值 | H69: 能力值加成 | I69: 总攻击力 | J69: 倍率 | K69: 暴击率 | L69: 暴击伤害 | M69: 源石技艺 | N69: 基础伤害加成 | O69: 普攻 | P69: 战技 | Q69: 连携 | R69: 大招 | S69: 总伤害加成 | T69: 脆弱 | U69: 增幅 | V69: 易伤 | W69: 抗性 | X69: 连击 | Y69: 失衡易伤 | Z69: 特殊加成
B70: 洁哥 | C70: 洁哥战技 | D70: N/a
C71: 洁哥连携 | D71: N/a
C72: 洁哥大招 | D72: N/a
B73: 5 | C73: N/a | D73: 洁哥大招零破防 | T73: =$O$65+$O$66*(IF($I$48>=2,1,0)+0)*IF($I$48>=2,2,1) -> 0.3
B74: 5 | C74: N/a | D74: 洁哥大招一破防 | T74: =$O$65+$O$66*(IF($I$48>=2,1,0)+1)*IF($I$48>=2,2,1) -> 0.33
B75: 5 | C75: N/a | D75: 洁哥大招二破防 | T75: =$O$65+$O$66*(IF($I$48>=2,1,2)+0)*IF($I$48>=2,2,1) -> 0.36
B76: 5 | C76: N/a | D76: 洁哥大招三破防 | T76: =$O$65+$O$66*(IF($I$48>=2,1,3)+0)*IF($I$48>=2,2,1) -> 0.39
B77: 5 | C77: N/a | D77: 洁哥大招四破防 | T77: =$O$65+$O$66*(IF($I$48>=2,1,4)+0)*IF($I$48>=2,2,1) -> 0.42
B78: 10 | C78: N/a | D78: 洁哥一腐蚀未满 | W78: =0.078*(1+2*$F$59*100/(300+100*$F$59)) -> 0.11872906
B79: 5 | C79: N/a | D79: 洁哥一腐蚀满腐蚀 | W79: =0.12*(1+2*$F$59*100/(300+100*$F$59)) -> 0.1826601
B80: 10 | C80: N/a | D80: 洁哥一腐蚀未满 | W80: =0.078*(1+2*$F$59*100/(300+100*$F$59))*(1+1/3) -> 0.15830542
B81: 5 | C81: N/a | D81: 洁哥二腐蚀满腐蚀 | W81: =0.12*(1+2*$F$59*100/(300+100*$F$59))*(1+1/3) -> 0.2435468
B82: 10 | C82: N/a | D82: 洁哥三腐蚀未满 | W82: =0.078*(1+2*$F$59*100/(300+100*$F$59))*(1+2/3) -> 0.19788177
B83: 5 | C83: N/a | D83: 洁哥三腐蚀满腐蚀 | W83: =0.12*(1+2*$F$59*100/(300+100*$F$59))*(1+2/3) -> 0.3044335
B84: 10 | C84: N/a | D84: 洁哥四腐蚀未满 | W84: =0.078*(1+2*$F$59*100/(300+100*$F$59))*2 -> 0.23745813
B85: 5 | C85: N/a | D85: 洁哥四腐蚀满腐蚀 | W85: =0.12*(1+2*$F$59*100/(300+100*$F$59))*2 -> 0.3653202
B86: 20 | C86: N/a | D86: 洁哥悼亡诗 | F86: =0.128 -> 0.128
B87: 15 | C87: N/a | D87: 洁哥专武连携 | N87: =0.448 -> 0.448
B88: 15 | C88: N/a | D88: 洁哥obj连携或法术爆发 | N88: =0.224 -> 0.224
B92: 赛希
B93: 装备栏 | C93: 武器 | D93: 护甲 | E93: 护手 | F93: 配件1 | G93: 配件2 | H93: 套装效果 | I93: 潜能 | S93: excel | T93: 看华法林wiki | AE93: 普攻
B94: 名称 | C94: 爆破单元 | D94: 纾难护甲 | E94: 长息护手 | F94: 拓荒增量供氧栓一 | G94: 拓荒增量供氧栓一 | I94: 5 | S94: 复制模板
B95: 等级 | D95: 3 | E95: 3 | F95: 3 | G95: 3 | S95: 改名字
B96: 词条1 | C96: =_xlfn.XLOOKUP(C94,武器库!$B:$B,武器库!$C:$C,"") -> 主能力值132 | D96: =VLOOKUP(D94,护甲库!$A:$M,2+D95*3,FALSE) -> 智识149 | E96: =VLOOKUP(E94,护手库!$A:$M,2+E95*3,FALSE) -> 智识84 | F96: =VLOOKUP(F94,配件库!$A:$M,2+F95*3,FALSE) -> 智识41 | G96: =VLOOKUP(G94,配件库!$A:$M,2+G95*3,FALSE) -> 智识41 | R96: 装备栏 | T96: 录入武器词条
B97: 词条2 | C97: =_xlfn.XLOOKUP(C94,武器库!$B:$B,武器库!$D:$D,"") -> 源石技艺78 | D97: =VLOOKUP(D94,护甲库!$A:$M,3+D95*3,FALSE) -> 0 | E97: =VLOOKUP(E94,护手库!$A:$M,3+E95*3,FALSE) -> 力量55 | F97: =VLOOKUP(F94,配件库!$A:$M,3+F95*3,FALSE) -> 敏捷27 | G97: =VLOOKUP(G94,配件库!$A:$M,3+G95*3,FALSE) -> 敏捷27 | S97: 穿好装备
B98: 词条3 | C98: =_xlfn.XLOOKUP(C94,武器库!$B:$B,武器库!$E:$E,"") -> 副能力16.0 | D98: =VLOOKUP(D94,护甲库!$A:$M,4+D95*3,FALSE) -> 充能16.7 | E98: =VLOOKUP(E94,护手库!$A:$M,4+E95*3,FALSE) -> 充能26.7 | F98: =VLOOKUP(F94,配件库!$A:$M,4+F95*3,FALSE) -> 副能力26.9 | G98: =VLOOKUP(G94,配件库!$A:$M,4+G95*3,FALSE) -> 副能力26.9 | R98: 角色面板栏 | S98: 整理装备带给角色的面板
B99: 武器效果 | C99: =_xlfn.XLOOKUP(C94,武器库!$B:$B,武器库!$F:$F,"") -> 装备者造成法术爆发时，使目标敌人受到的法术伤害+14.4%，持续15秒。
B100: 套装效果 | C100: =VLOOKUP(H94,套装效果库!A:B,2,0) -> #N/A | R100: 技能倍率栏 | T100: 录入技能倍率
S101: 调整自定义公式的范围
R102: 伤害数值栏 | S102: 先录入角色面板
B103: 角色面板栏 | C103: 主能力值 | D103: 副能力值 | K103: 技能倍率 | L103: 普攻 | M103: 战技 | N103: 连携 | O103: 大招 | S103: 填写技能相关倍率 | AE103: 战技 | AF103: 召唤支援晶体在一段时间内环绕主控干员。
C104: 意志 | D104: 智识 | E104: 源石技艺 | F104: 充能 | K104: 等级 | L104: 0 | M104: M3 | N104: 0 | O104: M3 | S104: 填写角色相关buff | AF104: 当主控干员对敌人造成重击后支援晶体为其回复生命值，该效果最多可触发2次。意志可以额外提高治疗量。
B105: 角色 | C105: =179+60+IF(I94>=2,20,0) -> 259 | D105: =123 -> 123 | E105: {=SUM(IFERROR( VALUE(MID($C95:$G98, SEARCH(E104, $C95:$G98) + LEN(E104), 10)) * ISNUMBER(SEARCH(E104,$C95:$G98)), 0 ))/100+IFERROR( MID($C100, SEARCH(E104, $C100) + LEN(E104), 2) / 100, 0 )} -> 0.78 | F105: {=SUM(IFERROR( VALUE(MID($C95:$G98, SEARCH(F104, $C95:$G98) + LEN(F104), 10)) * ISNUMBER(SEARCH(F104,$C95:$G98)), 0 ))/100+IFERROR( MID($C100, SEARCH(F104, $C100) + LEN(F104), 2) / 100, 0 )} -> 0.434 | G105: {=SUM(IFERROR( VALUE(MID($C95:$G98, SEARCH(G104, $C95:$G98) + LEN(G104), 10)) * ISNUMBER(SEARCH(G104,$C95:$G98)), 0 ))/100+IFERROR( MID($C100, SEARCH(G104, $C100) + LEN(G104), 2) / 100, 0 )} -> 0.12 | H105: {=SUM(IFERROR( VALUE(MID($C95:$G98, SEARCH(H104, $C95:$G98) + LEN(H104), 10)) * ISNUMBER(SEARCH(H104,$C95:$G98)), 0 ))/100+IFERROR( MID($C100, SEARCH(H104, $C100) + LEN(H104), 2) / 100, 0 )} -> 0.12 | I105: {=SUM(IFERROR( VALUE(MID($C95:$G98, SEARCH(I104, $C95:$G98) + LEN(I104), 10)) * ISNUMBER(SEARCH(I104,$C95:$G98)), 0 ))/100+IFERROR( MID($C100, SEARCH(I104, $C100) + LEN(I104), 2) / 100, 0 )} -> 0.12 | L105: {=_xlfn.XLOOKUP(L104,$AE$6:$AQ$6,AE94:AQ100,0,0,1)} -> 0 | M105: {=_xlfn.XLOOKUP(M104,$AE$6:$AQ$6,AE106:AQ110,0,0,1)} -> 324 | N105: {=_xlfn.XLOOKUP(N104,$AE$6:$AQ$6,AE118:AQ121,0,0,1)} -> 0 | O105: {=_xlfn.XLOOKUP(O104,$AE$6:$AQ$6,AE120:AQ125,0,0,1)} -> 80 | T105: 根据天赋完善技能倍率和buff | AF105: 若触发回复时主控干员生命值已满，则额外对其施加一段时间的法术增幅，该效果无法叠加。
B106: 装备 | C106: {=SUM(IFERROR( VALUE(MID($C95:$G98, FIND(C104, $C95:$G98) + LEN(C104), 10)) * ISNUMBER(FIND(C104, $C95:$G98)), 0 ))+SUM(IFERROR( VALUE(MID($C95:$G98, FIND(C103, $C95:$G98) + LEN(C103), 10)) * ISNUMBER(FIND(C103, $C95:$G98)), 0 ))+IFERROR( MID($C100, SEARCH(C104, $C100) + LEN(C104), 2) / 100, 0 )+IFERROR( MID($C100, SEARCH(C103, $C100) + LEN(C103), 2) / 100, 0 )} -> 132 | D106: {=SUM(IFERROR( VALUE(MID($C95:$G98, FIND(D104, $C95:$G98) + LEN(D104), 10)) * ISNUMBER(FIND(D104, $C95:$G98)), 0 ))+SUM(IFERROR( VALUE(MID($C95:$G98, FIND(D103, $C95:$G98) + LEN(D103), 10)) * ISNUMBER(FIND(D103, $C95:$G98)), 0 ))+IFERROR( MID($C100, SEARCH(D104, $C100) + LEN(D104), 2) / 100, 0 )+IFERROR( MID($C100, SEARCH(D103, $C100) + LEN(D103), 2) / 100, 0 )} -> 315 | M106: 0.76 | O106: 0.24 | T106: 根据潜能完善倍率 | AE106: 基础治疗值 | AF106: 144 | AG106: 173 | AH106: 202 | AI106: 230 | AJ106: 245 | AK106: 259 | AL106: 274 | AM106: 288 | AN106: 302 | AO106: 310 | AP106: 317 | AQ106: 324
B107: 总计 | C107: {=ROUNDUP(SUM(C105:C106)*(1+IF(LEN(TRIM(LEFT(C103,3)))=0, 0, SUMPRODUCT( IFERROR( VALUE(MID($C95:$G98, SEARCH(LEFT(C103,3), $C95:$G98) + 3, 10)) * ISNUMBER(SEARCH(LEFT(C103,3), $C95:$G98)), 0 ) )+IFERROR( MID($C100, SEARCH(C104, $C100) + LEN(C104), 2) / 100, 0 ) )/100),0)} -> 391 | D107: {=ROUNDUP(SUM(D105:D106)*(1+IF(LEN(TRIM(LEFT(D103,3)))=0, 0, SUMPRODUCT( IFERROR( VALUE(MID($C95:$G98, SEARCH(LEFT(D103,3), $C95:$G98) + 3, 10)) * ISNUMBER(SEARCH(LEFT(D103,3), $C95:$G98)), 0 ) )+IFERROR( MID($C100, SEARCH(D104, $C100) + LEN(D104), 2) / 100, 0 ) )/100),0)} -> 744 | M107: 20 | O107: 0.24 | T107: 根据武器添加新buff | AE107: 每点意志增加的治疗值 | AF107: 0.34 | AG107: 0.4 | AH107: 0.47 | AI107: 0.54 | AJ107: 0.57 | AK107: 0.6 | AL107: 0.64 | AM107: 0.67 | AN107: 0.71 | AO107: 0.72 | AP107: 0.74 | AQ107: 0.76
B108: 能力值加成 | C108: =C107*0.005+D107*0.002 -> 3.443 | M108: 0.15 | O108: 0.0003 | AE108: 支援晶体持续时间（秒） | AF108: 20 | AG108: 20 | AH108: 20 | AI108: 20 | AJ108: 20 | AK108: 20 | AL108: 20 | AM108: 20 | AN108: 20 | AO108: 20 | AP108: 20 | AQ108: 20
M109: 25 | O109: 0.36 | AE109: 法术增幅效果 | AF109: 0.09 | AG109: 0.09 | AH109: 0.09 | AI109: 0.09 | AJ109: 0.09 | AK109: 0.11 | AL109: 0.11 | AM109: 0.11 | AN109: 0.13 | AO109: 0.13 | AP109: 0.13 | AQ109: 0.15
O110: 12 | AE110: 法术增幅持续时间（秒） | AF110: 25 | AG110: 25 | AH110: 25 | AI110: 25 | AJ110: 25 | AK110: 25 | AL110: 25 | AM110: 25 | AN110: 25 | AO110: 25 | AP110: 25 | AQ110: 25
C115: 数值栏 | E115: 攻击计算器 | J115: 面板乘区 | N115: 伤害加成 | T115: 拐 | AE115: 连携
B116: 面板 | C116: 技能名称 | D116: buff名称 | E116: 基础攻击力 | F116: 百分比 | G116: 固定数值 | H116: 能力值加成 | I116: 总攻击力 | J116: 倍率 | K116: 暴击率 | L116: 暴击伤害 | M116: 源石技艺 | N116: 基础伤害加成 | O116: 普攻 | P116: 战技 | Q116: 连携 | R116: 大招 | S116: 总伤害加成 | T116: 脆弱 | U116: 增幅 | V116: 易伤 | W116: 抗性 | X116: 连击 | Y116: 失衡易伤 | Z116: 特殊加成
B117: 干员面板 | H117: =C108 -> 3.443 | I117: =(E117*(1+F117)+G117)*(H117+1) -> 0
C118: 赛希战技 | D118: N/a | E118: =E117 -> 0 | F118: =F117 -> 0 | G118: =G117 -> 0 | H118: =H117 -> 3.443 | I118: =(E118*(1+F118)+G118)*(H118+1) -> 0 | J118: =SUM(L105:L109) -> 0 | K118: =K117 -> 0 | L118: =L117 -> 0 | M118: =M117 -> 0 | N118: =N117 -> 0 | O118: =O117 -> 0 | P118: =P117 -> 0 | Q118: =Q117 -> 0 | R118: =R117 -> 0 | T118: =T117 -> 0 | U118: =U117 -> 0 | V118: =V117 -> 0 | W118: =W117 -> 0 | X118: =X117 -> 0
C119: 赛希连携 | D119: N/a | E119: =E118 -> 0 | F119: =F118 -> 0 | G119: =G118 -> 0 | H119: =H118 -> 3.443 | I119: =(E119*(1+F119)+G119)*(H119+1) -> 0 | J119: =SUM(L105:L108) -> 0 | K119: =K118 -> 0 | L119: =L118 -> 0 | M119: =M118 -> 0 | N119: =N118 -> 0 | O119: =O118 -> 0 | P119: =P118 -> 0 | Q119: =Q118 -> 0 | R119: =R118 -> 0 | T119: =T118 -> 0 | U119: =U118 -> 0 | V119: =V118 -> 0 | W119: =W118 -> 0 | X119: =X118 -> 0 | AE119: 大招
C120: 赛希大招 | D120: N/a | E120: =E119 -> 0 | F120: =F119 -> 0 | G120: =G119 -> 0 | H120: =H119 -> 3.443 | I120: =(E120*(1+F120)+G120)*(H120+1) -> 0 | J120: =L109 -> 0 | K120: =K119 -> 0 | L120: =L119 -> 0 | M120: =M119 -> 0 | N120: =N119 -> 0 | O120: =O119 -> 0 | P120: =P119 -> 0 | Q120: =Q119 -> 0 | R120: =R119 -> 0 | T120: =T119 -> 0 | U120: =U119 -> 0 | V120: =V119 -> 0 | W120: =W119 -> 0 | X120: =X119 -> 0 | AE120: 所需终结技能量 | AF120: 80 | AG120: 80 | AH120: 80 | AI120: 80 | AJ120: 80 | AK120: 80 | AL120: 80 | AM120: 80 | AN120: 80 | AO120: 80 | AP120: 80 | AQ120: 80
D121: N/a | E121: =E120 -> 0 | F121: =F120 -> 0 | G121: =G120 -> 0 | H121: =H120 -> 3.443 | I121: =(E121*(1+F121)+G121)*(H121+1) -> 0 | J121: =L110 -> 0 | K121: =K120 -> 0 | L121: =L120 -> 0 | M121: =M120 -> 0 | N121: =N120 -> 0 | O121: =O120 -> 0 | P121: =P120 -> 0 | Q121: =Q120 -> 0 | R121: =R120 -> 0 | T121: =T120 -> 0 | U121: =U120 -> 0 | V121: =V120 -> 0 | W121: =W120 -> 0 | X121: =X120 -> 0 | AE121: 基础寒冷增幅效果 | AF121: 0.11 | AG121: 0.12 | AH121: 0.13 | AI121: 0.14 | AJ121: 0.15 | AK121: 0.16 | AL121: 0.17 | AM121: 0.18 | AN121: 0.19 | AO121: 0.21 | AP121: 0.22 | AQ121: 0.24
D122: N/a | E122: =E121 -> 0 | F122: =F121 -> 0 | G122: =G121 -> 0 | H122: =H121 -> 3.443 | I122: =(E122*(1+F122)+G122)*(H122+1) -> 0 | J122: =L111 -> 0 | K122: =K121 -> 0 | L122: =L121 -> 0 | M122: =M121 -> 0 | N122: =N121 -> 0 | O122: =O121 -> 0 | P122: =P121 -> 0 | Q122: =Q121 -> 0 | R122: =R121 -> 0 | T122: =T121 -> 0 | U122: =U121 -> 0 | V122: =V121 -> 0 | W122: =W121 -> 0 | X122: =X121 -> 0 | AE122: 基础自然增幅效果 | AF122: 0.11 | AG122: 0.12 | AH122: 0.13 | AI122: 0.14 | AJ122: 0.15 | AK122: 0.16 | AL122: 0.17 | AM122: 0.18 | AN122: 0.19 | AO122: 0.21 | AP122: 0.22 | AQ122: 0.24
B123: 持续时间/s | AE123: 每点智识提升的增幅效果 | AF123: 0.00014 | AG123: 0.00015 | AH123: 0.00016 | AI123: 0.00018 | AJ123: 0.00019 | AK123: 0.0002 | AL123: 0.00022 | AM123: 0.00023 | AN123: 0.00024 | AO123: 0.00026 | AP123: 0.00028 | AQ123: 0.0003
C124: N/a | D124: 赛希战技治疗主控满血后 | U124: =M108+IF(I94>=1,0.05,0) -> 0.2 | AE124: 智识提升增幅上限 | AF124: 0.3 | AG124: 0.3 | AH124: 0.3 | AI124: 0.3 | AJ124: 0.3 | AK124: 0.3 | AL124: 0.3 | AM124: 0.3 | AN124: 0.3 | AO124: 0.3 | AP124: 0.3 | AQ124: 0.36
C125: N/a | D125: 赛希大招 | U125: =(O106+O108*D107)*IF(I94>=5,1.1,1) -> 0.50952 | AE125: 持续时间（秒） | AF125: 12 | AG125: 12 | AH125: 12 | AI125: 12 | AJ125: 12 | AK125: 12 | AL125: 12 | AM125: 12 | AN125: 12 | AO125: 12 | AP125: 12 | AQ125: 12
C126: N/a | D126: 赛希天赋连携寒冷易伤 | V126: =0.1 -> 0.1
C127: N/a | D127: 赛希骑士战技治疗 | F127: =0.144 -> 0.144
C128: N/a | D128: 赛希爆破连携且法术爆发 | V128: =0.144 -> 0.144
...

Sheet 先锋角色库
B8: 钓鱼
B9: 装备栏 | C9: 武器 | D9: 护甲 | E9: 护手 | F9: 配件1 | G9: 配件2 | H9: 套装效果 | I9: 潜能 | R9: excel | S9: 看华法林wiki | AE9: 普攻
B10: 名称 | C10: 热熔切割器 | D10: 纾难护甲 | E10: 长息护手 | F10: 拓荒增量供氧栓一 | G10: 拓荒增量供氧栓一 | H10: =IF(COUNTIF(E10:G10,LEFT(D10,2)&"*")>=2,LEFT(D10,2), IF(COUNTIF(F10:G10,LEFT(E10,2)&"*")=2,LEFT(E10,2), "")) | I10: 5 | R10: 复制模板 | AE10: 普攻第一段倍率 | AF10: 0.23 | AG10: 0.25 | AH10: 0.27 | AI10: 0.29 | AJ10: 0.32 | AK10: 0.34 | AL10: 0.36 | AM10: 0.39 | AN10: 0.41 | AO10: 0.44 | AP10: 0.47 | AQ10: 0.51
B11: 等级 | D11: 3 | E11: 3 | F11: 3 | G11: 3 | R11: 改名字 | AE11: 普攻第二段倍率 | AF11: 0.25 | AG11: 0.28 | AH11: 0.3 | AI11: 0.33 | AJ11: 0.35 | AK11: 0.38 | AL11: 0.4 | AM11: 0.43 | AN11: 0.45 | AO11: 0.48 | AP11: 0.52 | AQ11: 0.56
B12: 词条1 | C12: =_xlfn.XLOOKUP(C10,武器库!$B:$B,武器库!$C:$C,"") -> 意志+156 | D12: =VLOOKUP(D10,护甲库!$A:$M,2+D11*3,FALSE) -> 智识149 | E12: =VLOOKUP(E10,护手库!$A:$M,2+E11*3,FALSE) -> 智识84 | F12: =VLOOKUP(F10,配件库!$A:$M,2+F11*3,FALSE) -> 智识41 | G12: =VLOOKUP(G10,配件库!$A:$M,2+G11*3,FALSE) -> 智识41 | Q12: 装备栏 | S12: 录入武器词条 | AE12: 普攻第三段倍率 | AF12: 0.35 | AG12: 0.39 | AH12: 0.42 | AI12: 0.46 | AJ12: 0.49 | AK12: 0.53 | AL12: 0.56 | AM12: 0.6 | AN12: 0.63 | AO12: 0.67 | AP12: 0.73 | AQ12: 0.79
B13: 词条2 | C13: =_xlfn.XLOOKUP(C10,武器库!$B:$B,武器库!$D:$D,"") -> 攻击力+39.0 | D13: =VLOOKUP(D10,护甲库!$A:$M,3+D11*3,FALSE) -> 0 | E13: =VLOOKUP(E10,护手库!$A:$M,3+E11*3,FALSE) -> 力量55 | F13: =VLOOKUP(F10,配件库!$A:$M,3+F11*3,FALSE) -> 敏捷27 | G13: =VLOOKUP(G10,配件库!$A:$M,3+G11*3,FALSE) -> 敏捷27 | R13: 穿好装备 | AE13: 普攻第四段倍率 | AF13: 0.37 | AG13: 0.4 | AH13: 0.44 | AI13: 0.47 | AJ13: 0.51 | AK13: 0.55 | AL13: 0.58 | AM13: 0.62 | AN13: 0.66 | AO13: 0.7 | AP13: 0.76 | AQ13: 0.82
B14: 词条3 | C14: =_xlfn.XLOOKUP(C10,武器库!$B:$B,武器库!$E:$E,"") -> 攻击力+16.0 | D14: =VLOOKUP(D10,护甲库!$A:$M,4+D11*3,FALSE) -> 充能16.7 | E14: =VLOOKUP(E10,护手库!$A:$M,4+E11*3,FALSE) -> 充能26.7 | F14: =VLOOKUP(F10,配件库!$A:$M,4+F11*3,FALSE) -> 副能力26.9 | G14: =VLOOKUP(G10,配件库!$A:$M,4+G11*3,FALSE) -> 副能力26.9 | Q14: 角色面板栏 | R14: 整理装备带给角色的面板 | AE14: 普攻第五段倍率 | AF14: 0.5 | AG14: 0.55 | AH14: 0.6 | AI14: 0.65 | AJ14: 0.7 | AK14: 0.75 | AL14: 0.8 | AM14: 0.85 | AN14: 0.9 | AO14: 0.96 | AP14: 1.04 | AQ14: 1.13
B15: 武器效果 | C15: =_xlfn.XLOOKUP(C10,武器库!$B:$B,武器库!$F:$F,"") -> 装备者通过自身技能恢复技力或获得连击状态后，全队攻击力+8.0%，持续20秒 | AE15: 处决攻击倍率 | AF15: 4 | AG15: 4.4 | AH15: 4.8 | AI15: 5.2 | AJ15: 5.6 | AK15: 6 | AL15: 6.4 | AM15: 6.8 | AN15: 7.2 | AO15: 7.7 | AP15: 8.3 | AQ15: 9
B16: 套装效果 | C16: =VLOOKUP(H10,套装效果库!A:B,2,0) -> #N/A | Q16: 技能倍率栏 | S16: 录入技能倍率 | AE16: 下落攻击倍率 | AF16: 0.8 | AG16: 0.88 | AH16: 0.96 | AI16: 1.04 | AJ16: 1.12 | AK16: 1.2 | AL16: 1.28 | AM16: 1.36 | AN16: 1.44 | AO16: 1.54 | AP16: 1.66 | AQ16: 1.8
R17: 调整自定义公式的范围
Q18: 伤害数值栏 | R18: 先录入角色面板
B19: 角色面板栏 | C19: 主能力值 | D19: 副能力值 | K19: 技能倍率 | L19: 普攻 | M19: 战技 | N19: 连携 | O19: 大招 | R19: 填写技能相关倍率 | AE19: 战技
K20: 等级 | L20: 9 | M20: 9 | N20: M1 | O20: 9 | R20: 填写角色相关buff
B21: 角色 | C21: =179+60+IF(I10>=2,20,0) -> 259 | D21: =123 -> 123 | E21: {=SUM(IFERROR( VALUE(MID($C11:$G14, SEARCH(E20, $C11:$G14) + LEN(E20), 10)) * ISNUMBER(SEARCH(E20,$C11:$G14)), 0 ))/100+IFERROR( MID($C16, SEARCH(E20, $C16) + LEN(E20), 2) / 100, 0 )} -> 0.12 | F21: {=SUM(IFERROR( VALUE(MID($C11:$G14, SEARCH(F20, $C11:$G14) + LEN(F20), 10)) * ISNUMBER(SEARCH(F20,$C11:$G14)), 0 ))/100+IFERROR( MID($C16, SEARCH(F20, $C16) + LEN(F20), 2) / 100, 0 )} -> 0.12 | G21: {=SUM(IFERROR( VALUE(MID($C11:$G14, SEARCH(G20, $C11:$G14) + LEN(G20), 10)) * ISNUMBER(SEARCH(G20,$C11:$G14)), 0 ))/100+IFERROR( MID($C16, SEARCH(G20, $C16) + LEN(G20), 2) / 100, 0 )} -> 0.12 | H21: {=SUM(IFERROR( VALUE(MID($C11:$G14, SEARCH(H20, $C11:$G14) + LEN(H20), 10)) * ISNUMBER(SEARCH(H20,$C11:$G14)), 0 ))/100+IFERROR( MID($C16, SEARCH(H20, $C16) + LEN(H20), 2) / 100, 0 )} -> 0.12 | I21: {=SUM(IFERROR( VALUE(MID($C11:$G14, SEARCH(I20, $C11:$G14) + LEN(I20), 10)) * ISNUMBER(SEARCH(I20,$C11:$G14)), 0 ))/100+IFERROR( MID($C16, SEARCH(I20, $C16) + LEN(I20), 2) / 100, 0 )} -> 0.12 | L21: {=_xlfn.XLOOKUP(L20,$AE$6:$AQ$6,AE10:AQ16,0,0,1)} -> 0 | M21: {=_xlfn.XLOOKUP(M20,$AE$6:$AQ$6,AE22:AQ29,0,0,1)} -> 0 | N21: {=_xlfn.XLOOKUP(N20,$AE$6:$AQ$6,AE34:AQ36,0,0,1)} -> 0 | O21: {=_xlfn.XLOOKUP(O20,$AE$6:$AQ$6,#REF!,0,0,1)} -> #REF! | S21: 根据天赋完善技能倍率和buff
B22: 装备 | C22: {=SUM(IFERROR( VALUE(MID($C11:$G14, FIND(C20, $C11:$G14) + LEN(C20), 10)) * ISNUMBER(FIND(C20, $C11:$G14)), 0 ))+SUM(IFERROR( VALUE(MID($C11:$G14, FIND(C19, $C11:$G14) + LEN(C19), 10)) * ISNUMBER(FIND(C19, $C11:$G14)), 0 ))+IFERROR( MID($C16, SEARCH(C20, $C16) + LEN(C20), 2) / 100, 0 )+IFERROR( MID($C16, SEARCH(C19, $C16) + LEN(C19), 2) / 100, 0 )} -> 12 | D22: {=SUM(IFERROR( VALUE(MID($C11:$G14, FIND(D20, $C11:$G14) + LEN(D20), 10)) * ISNUMBER(FIND(D20, $C11:$G14)), 0 ))+SUM(IFERROR( VALUE(MID($C11:$G14, FIND(D19, $C11:$G14) + LEN(D19), 10)) * ISNUMBER(FIND(D19, $C11:$G14)), 0 ))+IFERROR( MID($C16, SEARCH(D20, $C16) + LEN(D20), 2) / 100, 0 )+IFERROR( MID($C16, SEARCH(D19, $C16) + LEN(D19), 2) / 100, 0 )} -> 12 | S22: 根据潜能完善倍率
B23: 总计 | C23: {=ROUNDUP(SUM(C21:C22)*(1+IF(LEN(TRIM(LEFT(C19,3)))=0, 0, SUMPRODUCT( IFERROR( VALUE(MID($C11:$G14, SEARCH(LEFT(C19,3), $C11:$G14) + 3, 10)) * ISNUMBER(SEARCH(LEFT(C19,3), $C11:$G14)), 0 ) )+IFERROR( MID($C16, SEARCH(C20, $C16) + LEN(C20), 2) / 100, 0 ) )/100),0)} -> 271 | D23: {=ROUNDUP(SUM(D21:D22)*(1+IF(LEN(TRIM(LEFT(D19,3)))=0, 0, SUMPRODUCT( IFERROR( VALUE(MID($C11:$G14, SEARCH(LEFT(D19,3), $C11:$G14) + 3, 10)) * ISNUMBER(SEARCH(LEFT(D19,3), $C11:$G14)), 0 ) )+IFERROR( MID($C16, SEARCH(D20, $C16) + LEN(D20), 2) / 100, 0 ) )/100),0)} -> 208 | S23: 根据武器添加新buff
B24: 能力值加成 | C24: =C23*0.005+D23*0.002 -> 1.771
C31: 数值栏 | E31: 攻击计算器 | J31: 面板乘区 | N31: 伤害加成 | T31: 拐 | AE31: 连携
B32: 面板 | C32: 技能名称 | D32: buff名称 | E32: 基础攻击力 | F32: 百分比 | G32: 固定数值 | H32: 能力值加成 | I32: 总攻击力 | J32: 倍率 | K32: 暴击率 | L32: 暴击伤害 | M32: 源石技艺 | N32: 基础伤害加成 | O32: 普攻 | P32: 战技 | Q32: 连携 | R32: 大招 | S32: 总伤害加成 | T32: 脆弱 | U32: 增幅 | V32: 易伤 | W32: 抗性 | X32: 连击 | Y32: 失衡易伤 | Z32: 特殊加成
B33: 钓鱼面板 | H33: =C24 -> 1.771 | I33: =(E33*(1+F33)+G33)*(H33+1) -> 0
C34: 钓鱼战技 | D34: N/a | E34: =E33 -> 0 | F34: =F33 -> 0 | G34: =G33 -> 0 | H34: =H33 -> 1.771 | I34: =(E34*(1+F34)+G34)*(H34+1) -> 0 | J34: =SUM(L21:L25) -> 0 | K34: =K33 -> 0 | L34: =L33 -> 0 | M34: =M33 -> 0 | N34: =N33 -> 0 | O34: =O33 -> 0 | P34: =P33 -> 0 | Q34: =Q33 -> 0 | R34: =R33 -> 0 | T34: =T33 -> 0 | U34: =U33 -> 0 | V34: =V33 -> 0 | W34: =W33 -> 0 | X34: =X33 -> 0
C35: 钓鱼连携 | D35: N/a | E35: =E34 -> 0 | F35: =F34 -> 0 | G35: =G34 -> 0 | H35: =H34 -> 1.771 | I35: =(E35*(1+F35)+G35)*(H35+1) -> 0 | J35: =SUM(L21:L24) -> 0 | K35: =K34 -> 0 | L35: =L34 -> 0 | M35: =M34 -> 0 | N35: =N34 -> 0 | O35: =O34 -> 0 | P35: =P34 -> 0 | Q35: =Q34 -> 0 | R35: =R34 -> 0 | T35: =T34 -> 0 | U35: =U34 -> 0 | V35: =V34 -> 0 | W35: =W34 -> 0 | X35: =X34 -> 0
C36: 钓鱼大招 | D36: N/a | E36: =E35 -> 0 | F36: =F35 -> 0 | G36: =G35 -> 0 | H36: =H35 -> 1.771 | I36: =(E36*(1+F36)+G36)*(H36+1) -> 0 | J36: =L25 -> 0 | K36: =K35 -> 0 | L36: =L35 -> 0 | M36: =M35 -> 0 | N36: =N35 -> 0 | O36: =O35 -> 0 | P36: =P35 -> 0 | Q36: =Q35 -> 0 | R36: =R35 -> 0 | T36: =T35 -> 0 | U36: =U35 -> 0 | V36: =V35 -> 0 | W36: =W35 -> 0 | X36: =X35 -> 0
B37: 持续时间/s
C38: N/a | D38: 钓鱼热熔回技力 | F38: =0.08 -> 0.08
C39: N/a | D39: 钓鱼轻芒回技力 | N39: =0.048 -> 0.048
C40: N/a | D40: 钓鱼天赋钓金鱼 | F40: =IF(I10>=3,0.15,0) -> 0.15
B45: 弧光
B46: 装备栏 | C46: 武器 | D46: 护甲 | E46: 护手 | F46: 配件1 | G46: 配件2 | H46: 套装效果 | I46: 潜能 | R46: excel | S46: 看华法林wiki | AE46: 普攻
B47: 名称 | C47: 白夜新星 | D47: 清波轻甲 | E47: 轻超域护手 | F47: 清波水罐 | G47: 清波水罐 | H47: =IF(COUNTIF(E47:G47,LEFT(D47,2)&"*")>=2,LEFT(D47,2), IF(COUNTIF(F47:G47,LEFT(E47,2)&"*")=2,LEFT(E47,2), "")) -> 清波 | I47: 5 | R47: 复制模板 | AE47: 普攻第一段倍率 | AF47: 0.23 | AG47: 0.25 | AH47: 0.27 | AI47: 0.29 | AJ47: 0.32 | AK47: 0.34 | AL47: 0.36 | AM47: 0.39 | AN47: 0.41 | AO47: 0.44 | AP47: 0.47 | AQ47: 0.51
B48: 等级 | D48: 3 | E48: 3 | F48: 3 | G48: 3 | R48: 改名字 | AE48: 普攻第二段倍率 | AF48: 0.25 | AG48: 0.28 | AH48: 0.3 | AI48: 0.33 | AJ48: 0.35 | AK48: 0.38 | AL48: 0.4 | AM48: 0.43 | AN48: 0.45 | AO48: 0.48 | AP48: 0.52 | AQ48: 0.56
B49: 词条1 | C49: =_xlfn.XLOOKUP(C47,武器库!$B:$B,武器库!$C:$C,"") -> 主能力值+132 | D49: =VLOOKUP(D47,护甲库!$A:$M,2+D48*3,FALSE) -> 智识113 | E49: =VLOOKUP(E47,护手库!$A:$M,2+E48*3,FALSE) -> 敏捷84 | F49: =VLOOKUP(F47,配件库!$A:$M,2+F48*3,FALSE) -> 智识41 | G49: =VLOOKUP(G47,配件库!$A:$M,2+G48*3,FALSE) -> 智识41 | Q49: 装备栏 | S49: 录入武器词条 | AE49: 普攻第三段倍率 | AF49: 0.35 | AG49: 0.39 | AH49: 0.42 | AI49: 0.46 | AJ49: 0.49 | AK49: 0.53 | AL49: 0.56 | AM49: 0.6 | AN49: 0.63 | AO49: 0.67 | AP49: 0.73 | AQ49: 0.79
B50: 词条2 | C50: =_xlfn.XLOOKUP(C47,武器库!$B:$B,武器库!$D:$D,"") -> 源石技艺+78 | D50: =VLOOKUP(D47,护甲库!$A:$M,3+D48*3,FALSE) -> 意志75 | E50: =VLOOKUP(E47,护手库!$A:$M,3+E48*3,FALSE) -> 力量55 | F50: =VLOOKUP(F47,配件库!$A:$M,3+F48*3,FALSE) -> 意志27 | G50: =VLOOKUP(G47,配件库!$A:$M,3+G48*3,FALSE) -> 意志27 | R50: 穿好装备 | AE50: 普攻第四段倍率 | AF50: 0.37 | AG50: 0.4 | AH50: 0.44 | AI50: 0.47 | AJ50: 0.51 | AK50: 0.55 | AL50: 0.58 | AM50: 0.62 | AN50: 0.66 | AO50: 0.7 | AP50: 0.76 | AQ50: 0.82
B51: 词条3 | C51: =_xlfn.XLOOKUP(C47,武器库!$B:$B,武器库!$E:$E,"") -> 法术伤害+19.2 | D51: =VLOOKUP(D47,护甲库!$A:$M,4+D48*3,FALSE) -> 技艺26 | E51: =VLOOKUP(E47,护手库!$A:$M,4+E48*3,FALSE) -> 技艺44 | F51: =VLOOKUP(F47,配件库!$A:$M,4+F48*3,FALSE) -> 技艺53 | G51: =VLOOKUP(G47,配件库!$A:$M,4+G48*3,FALSE) -> 技艺53 | Q51: 角色面板栏 | R51: 整理装备带给角色的面板 | AE51: 普攻第五段倍率 | AF51: 0.5 | AG51: 0.55 | AH51: 0.6 | AI51: 0.65 | AJ51: 0.7 | AK51: 0.75 | AL51: 0.8 | AM51: 0.85 | AN51: 0.9 | AO51: 0.96 | AP51: 1.04 | AQ51: 1.13
B52: 武器效果 | C52: =_xlfn.XLOOKUP(C47,武器库!$B:$B,武器库!$F:$F,"") -> 装备者施加燃烧或导电后，法术+伤害+19.2，源石技艺强度+40，持续15秒。 | AE52: 处决攻击倍率 | AF52: 4 | AG52: 4.4 | AH52: 4.8 | AI52: 5.2 | AJ52: 5.6 | AK52: 6 | AL52: 6.4 | AM52: 6.8 | AN52: 7.2 | AO52: 7.7 | AP52: 8.3 | AQ52: 9
B53: 套装效果 | C53: =VLOOKUP(H47,套装效果库!A:B,2,0) -> 连携技冷却缩减+15。当装备者施放连携技时，所有技能伤害+20.0%，持续15秒。该效果最多叠加2层，每层单独计算持续时间。 | Q53: 技能倍率栏 | S53: 录入技能倍率 | AE53: 下落攻击倍率 | AF53: 0.8 | AG53: 0.88 | AH53: 0.96 | AI53: 1.04 | AJ53: 1.12 | AK53: 1.2 | AL53: 1.28 | AM53: 1.36 | AN53: 1.44 | AO53: 1.54 | AP53: 1.66 | AQ53: 1.8
R54: 调整自定义公式的范围
Q55: 伤害数值栏 | R55: 先录入角色面板
B56: 角色面板栏 | C56: 主能力值 | D56: 副能力值 | K56: 技能倍率 | L56: 普攻 | M56: 战技 | N56: 连携 | O56: 大招 | R56: 填写技能相关倍率 | AE56: 战技
D57: 智识 | E57: 技艺 | K57: 等级 | L57: 9 | M57: 9 | N57: 9 | O57: 9 | R57: 填写角色相关buff
B58: 角色 | C58: =179+60+IF(I47>=2,20,0) -> 259 | D58: =123 -> 123 | E58: {=SUM(IFERROR( VALUE(MID($C48:$G51, SEARCH(E57, $C48:$G51) + LEN(E57), 10)) * ISNUMBER(SEARCH(E57,$C48:$G51)), 0 ))/100+IFERROR( MID($C53, SEARCH(E57, $C53) + LEN(E57), 2) / 100, 0 )} -> 2.54 | F58: {=SUM(IFERROR( VALUE(MID($C48:$G51, SEARCH(F57, $C48:$G51) + LEN(F57), 10)) * ISNUMBER(SEARCH(F57,$C48:$G51)), 0 ))/100+IFERROR( MID($C53, SEARCH(F57, $C53) + LEN(F57), 2) / 100, 0 )} -> 0.12 | G58: {=SUM(IFERROR( VALUE(MID($C48:$G51, SEARCH(G57, $C48:$G51) + LEN(G57), 10)) * ISNUMBER(SEARCH(G57,$C48:$G51)), 0 ))/100+IFERROR( MID($C53, SEARCH(G57, $C53) + LEN(G57), 2) / 100, 0 )} -> 0.12 | H58: {=SUM(IFERROR( VALUE(MID($C48:$G51, SEARCH(H57, $C48:$G51) + LEN(H57), 10)) * ISNUMBER(SEARCH(H57,$C48:$G51)), 0 ))/100+IFERROR( MID($C53, SEARCH(H57, $C53) + LEN(H57), 2) / 100, 0 )} -> 0.12 | I58: {=SUM(IFERROR( VALUE(MID($C48:$G51, SEARCH(I57, $C48:$G51) + LEN(I57), 10)) * ISNUMBER(SEARCH(I57,$C48:$G51)), 0 ))/100+IFERROR( MID($C53, SEARCH(I57, $C53) + LEN(I57), 2) / 100, 0 )} -> 0.12 | L58: {=_xlfn.XLOOKUP(L57,$AE$6:$AQ$6,AE47:AQ53,0,0,1)} -> 0 | M58: {=_xlfn.XLOOKUP(M57,$AE$6:$AQ$6,AE59:AQ66,0,0,1)} -> 0 | N58: {=_xlfn.XLOOKUP(N57,$AE$6:$AQ$6,AE71:AQ73,0,0,1)} -> 0 | O58: {=_xlfn.XLOOKUP(O57,$AE$6:$AQ$6,#REF!,0,0,1)} -> #REF! | S58: 根据天赋完善技能倍率和buff
B59: 装备 | C59: {=SUM(IFERROR( VALUE(MID($C48:$G51, FIND(C57, $C48:$G51) + LEN(C57), 10)) * ISNUMBER(FIND(C57, $C48:$G51)), 0 ))+SUM(IFERROR( VALUE(MID($C48:$G51, FIND(C56, $C48:$G51) + LEN(C56), 10)) * ISNUMBER(FIND(C56, $C48:$G51)), 0 ))+IFERROR( MID($C53, SEARCH(C57, $C53) + LEN(C57), 2) / 100, 0 )+IFERROR( MID($C53, SEARCH(C56, $C53) + LEN(C56), 2) / 100, 0 )} -> 144 | D59: {=SUM(IFERROR( VALUE(MID($C48:$G51, FIND(D57, $C48:$G51) + LEN(D57), 10)) * ISNUMBER(FIND(D57, $C48:$G51)), 0 ))+SUM(IFERROR( VALUE(MID($C48:$G51, FIND(D56, $C48:$G51) + LEN(D56), 10)) * ISNUMBER(FIND(D56, $C48:$G51)), 0 ))+IFERROR( MID($C53, SEARCH(D57, $C53) + LEN(D57), 2) / 100, 0 )+IFERROR( MID($C53, SEARCH(D56, $C53) + LEN(D56), 2) / 100, 0 )} -> 195 | S59: 根据潜能完善倍率
B60: 总计 | C60: {=ROUNDUP(SUM(C58:C59)*(1+IF(LEN(TRIM(LEFT(C56,3)))=0, 0, SUMPRODUCT( IFERROR( VALUE(MID($C48:$G51, SEARCH(LEFT(C56,3), $C48:$G51) + 3, 10)) * ISNUMBER(SEARCH(LEFT(C56,3), $C48:$G51)), 0 ) )+IFERROR( MID($C53, SEARCH(C57, $C53) + LEN(C57), 2) / 100, 0 ) )/100),0)} -> 403 | D60: {=ROUNDUP(SUM(D58:D59)*(1+IF(LEN(TRIM(LEFT(D56,3)))=0, 0, SUMPRODUCT( IFERROR( VALUE(MID($C48:$G51, SEARCH(LEFT(D56,3), $C48:$G51) + 3, 10)) * ISNUMBER(SEARCH(LEFT(D56,3), $C48:$G51)), 0 ) )+IFERROR( MID($C53, SEARCH(D57, $C53) + LEN(D57), 2) / 100, 0 ) )/100),0)} -> 318 | S60: 根据武器添加新buff
B61: 能力值加成 | C61: =C60*0.005+D60*0.002 -> 2.651
F64: 清波轻甲 | G64: 轻超域护手 | H64: 清波水罐 | I64: 清波水罐
F65: 拓荒护服 | G65: 拓荒纤维手套一
C68: 数值栏 | E68: 攻击计算器 | J68: 面板乘区 | N68: 伤害加成 | T68: 拐 | AE68: 连携
B69: 面板 | C69: 技能名称 | D69: buff名称 | E69: 基础攻击力 | F69: 百分比 | G69: 固定数值 | H69: 能力值加成 | I69: 总攻击力 | J69: 倍率 | K69: 暴击率 | L69: 暴击伤害 | M69: 源石技艺 | N69: 基础伤害加成 | O69: 普攻 | P69: 战技 | Q69: 连携 | R69: 大招 | S69: 总伤害加成 | T69: 脆弱 | U69: 增幅 | V69: 易伤 | W69: 抗性 | X69: 连击 | Y69: 失衡易伤 | Z69: 特殊加成
B70: 弧光面板 | H70: =C61 -> 2.651 | I70: =(E70*(1+F70)+G70)*(H70+1) -> 0 | M70: =0.78 -> 0.78
C71: 弧光战技 | D71: N/a | E71: =E70 -> 0 | F71: =F70 -> 0 | G71: =G70 -> 0 | H71: =H70 -> 2.651 | I71: =(E71*(1+F71)+G71)*(H71+1) -> 0 | J71: =SUM(L58:L62) -> 0 | K71: =K70 -> 0 | L71: =L70 -> 0 | M71: =M70 -> 0.78 | N71: =N70 -> 0 | O71: =O70 -> 0 | P71: =P70 -> 0 | Q71: =Q70 -> 0 | R71: =R70 -> 0 | T71: =T70 -> 0 | U71: =U70 -> 0 | V71: =V70 -> 0 | W71: =W70 -> 0 | X71: =X70 -> 0
C72: 弧光连携 | D72: N/a | E72: =E71 -> 0 | F72: =F71 -> 0 | G72: =G71 -> 0 | H72: =H71 -> 2.651 | I72: =(E72*(1+F72)+G72)*(H72+1) -> 0 | J72: =SUM(L58:L61) -> 0 | K72: =K71 -> 0 | L72: =L71 -> 0 | M72: =M71 -> 0.78 | N72: =N71 -> 0 | O72: =O71 -> 0 | P72: =P71 -> 0 | Q72: =Q71 -> 0 | R72: =R71 -> 0 | T72: =T71 -> 0 | U72: =U71 -> 0 | V72: =V71 -> 0 | W72: =W71 -> 0 | X72: =X71 -> 0
C73: 弧光大招 | D73: N/a | E73: =E72 -> 0 | F73: =F72 -> 0 | G73: =G72 -> 0 | H73: =H72 -> 2.651 | I73: =(E73*(1+F73)+G73)*(H73+1) -> 0 | J73: =L62 -> 0 | K73: =K72 -> 0 | L73: =L72 -> 0 | M73: =M72 -> 0.78 | N73: =N72 -> 0 | O73: =O72 -> 0 | P73: =P72 -> 0 | Q73: =Q72 -> 0 | R73: =R72 -> 0 | T73: =T72 -> 0 | U73: =U72 -> 0 | V73: =V72 -> 0 | W73: =W72 -> 0 | X73: =X72 -> 0
C74: N/a | D74: 弧光热熔回技力 | F74: =0.08 -> 0.08
C75: N/a | D75: 弧光轻芒回技力 | N75: =0.048 -> 0.048
C76: N/a | D76: 弧光大招一级导电 | V76: =0.12*(1+2*M70*100/(300+M70*100)) -> 0.16952381
V77: =0.16*(1+2*M71*100/(300+M71*100)) -> 0.22603175
B83: 干员
B84: 装备栏 | C84: 武器 | D84: 护甲 | E84: 护手 | F84: 配件1 | G84: 配件2 | H84: 套装效果 | I84: 潜能 | R84: excel | S84: 看华法林wiki | AE84: 普攻
B85: 名称 | H85: =IF(COUNTIF(E85:G85,LEFT(D85,2)&"*")>=2,LEFT(D85,2), IF(COUNTIF(F85:G85,LEFT(E85,2)&"*")=2,LEFT(E85,2), "")) | I85: 0 | R85: 复制模板 | AE85: 普攻第一段倍率 | AF85: 0.23 | AG85: 0.25 | AH85: 0.27 | AI85: 0.29 | AJ85: 0.32 | AK85: 0.34 | AL85: 0.36 | AM85: 0.39 | AN85: 0.41 | AO85: 0.44 | AP85: 0.47 | AQ85: 0.51
B86: 等级 | D86: 3 | E86: 3 | F86: 3 | G86: 3 | R86: 改名字 | AE86: 普攻第二段倍率 | AF86: 0.25 | AG86: 0.28 | AH86: 0.3 | AI86: 0.33 | AJ86: 0.35 | AK86: 0.38 | AL86: 0.4 | AM86: 0.43 | AN86: 0.45 | AO86: 0.48 | AP86: 0.52 | AQ86: 0.56
B87: 词条1 | C87: =_xlfn.XLOOKUP(C85,武器库!$B:$B,武器库!$C:$C,"") -> 0 | D87: =VLOOKUP(D85,护甲库!$A:$M,2+D86*3,FALSE) -> #N/A | E87: =VLOOKUP(E85,护手库!$A:$M,2+E86*3,FALSE) -> #N/A | F87: =VLOOKUP(F85,配件库!$A:$M,2+F86*3,FALSE) -> #N/A | G87: =VLOOKUP(G85,配件库!$A:$M,2+G86*3,FALSE) -> #N/A | Q87: 装备栏 | S87: 录入武器词条 | AE87: 普攻第三段倍率 | AF87: 0.35 | AG87: 0.39 | AH87: 0.42 | AI87: 0.46 | AJ87: 0.49 | AK87: 0.53 | AL87: 0.56 | AM87: 0.6 | AN87: 0.63 | AO87: 0.67 | AP87: 0.73 | AQ87: 0.79
B88: 词条2 | C88: =_xlfn.XLOOKUP(C85,武器库!$B:$B,武器库!$D:$D,"") -> 0 | D88: =VLOOKUP(D85,护甲库!$A:$M,3+D86*3,FALSE) -> #N/A | E88: =VLOOKUP(E85,护手库!$A:$M,3+E86*3,FALSE) -> #N/A | F88: =VLOOKUP(F85,配件库!$A:$M,3+F86*3,FALSE) -> #N/A | G88: =VLOOKUP(G85,配件库!$A:$M,3+G86*3,FALSE) -> #N/A | R88: 穿好装备 | AE88: 普攻第四段倍率 | AF88: 0.37 | AG88: 0.4 | AH88: 0.44 | AI88: 0.47 | AJ88: 0.51 | AK88: 0.55 | AL88: 0.58 | AM88: 0.62 | AN88: 0.66 | AO88: 0.7 | AP88: 0.76 | AQ88: 0.82
B89: 词条3 | C89: =_xlfn.XLOOKUP(C85,武器库!$B:$B,武器库!$E:$E,"") -> 0 | D89: =VLOOKUP(D85,护甲库!$A:$M,4+D86*3,FALSE) -> #N/A | E89: =VLOOKUP(E85,护手库!$A:$M,4+E86*3,FALSE) -> #N/A | F89: =VLOOKUP(F85,配件库!$A:$M,4+F86*3,FALSE) -> #N/A | G89: =VLOOKUP(G85,配件库!$A:$M,4+G86*3,FALSE) -> #N/A | Q89: 角色面板栏 | R89: 整理装备带给角色的面板 | AE89: 普攻第五段倍率 | AF89: 0.5 | AG89: 0.55 | AH89: 0.6 | AI89: 0.65 | AJ89: 0.7 | AK89: 0.75 | AL89: 0.8 | AM89: 0.85 | AN89: 0.9 | AO89: 0.96 | AP89: 1.04 | AQ89: 1.13
B90: 武器效果 | C90: =_xlfn.XLOOKUP(C85,武器库!$B:$B,武器库!$F:$F,"") -> 0 | AE90: 处决攻击倍率 | AF90: 4 | AG90: 4.4 | AH90: 4.8 | AI90: 5.2 | AJ90: 5.6 | AK90: 6 | AL90: 6.4 | AM90: 6.8 | AN90: 7.2 | AO90: 7.7 | AP90: 8.3 | AQ90: 9
B91: 套装效果 | C91: =VLOOKUP(H85,套装效果库!A:B,2,0) -> #N/A | Q91: 技能倍率栏 | S91: 录入技能倍率 | AE91: 下落攻击倍率 | AF91: 0.8 | AG91: 0.88 | AH91: 0.96 | AI91: 1.04 | AJ91: 1.12 | AK91: 1.2 | AL91: 1.28 | AM91: 1.36 | AN91: 1.44 | AO91: 1.54 | AP91: 1.66 | AQ91: 1.8
R92: 调整自定义公式的范围
Q93: 伤害数值栏 | R93: 先录入角色面板
B94: 角色面板栏 | C94: 主能力值 | D94: 副能力值 | K94: 技能倍率 | L94: 普攻 | M94: 战技 | N94: 连携 | O94: 大招 | R94: 填写技能相关倍率 | AE94: 战技
K95: 等级 | L95: 9 | M95: 9 | N95: 9 | O95: 9 | R95: 填写角色相关buff
B96: 角色 | C96: =179+60+IF(I85>=2,20,0) -> 239 | D96: =123 -> 123 | E96: {=SUM(IFERROR( VALUE(MID($C86:$G89, SEARCH(E95, $C86:$G89) + LEN(E95), 10)) * ISNUMBER(SEARCH(E95,$C86:$G89)), 0 ))/100+IFERROR( MID($C91, SEARCH(E95, $C91) + LEN(E95), 2) / 100, 0 )} -> 0.12 | F96: {=SUM(IFERROR( VALUE(MID($C86:$G89, SEARCH(F95, $C86:$G89) + LEN(F95), 10)) * ISNUMBER(SEARCH(F95,$C86:$G89)), 0 ))/100+IFERROR( MID($C91, SEARCH(F95, $C91) + LEN(F95), 2) / 100, 0 )} -> 0.12 | G96: {=SUM(IFERROR( VALUE(MID($C86:$G89, SEARCH(G95, $C86:$G89) + LEN(G95), 10)) * ISNUMBER(SEARCH(G95,$C86:$G89)), 0 ))/100+IFERROR( MID($C91, SEARCH(G95, $C91) + LEN(G95), 2) / 100, 0 )} -> 0.12 | H96: {=SUM(IFERROR( VALUE(MID($C86:$G89, SEARCH(H95, $C86:$G89) + LEN(H95), 10)) * ISNUMBER(SEARCH(H95,$C86:$G89)), 0 ))/100+IFERROR( MID($C91, SEARCH(H95, $C91) + LEN(H95), 2) / 100, 0 )} -> 0.12 | I96: {=SUM(IFERROR( VALUE(MID($C86:$G89, SEARCH(I95, $C86:$G89) + LEN(I95), 10)) * ISNUMBER(SEARCH(I95,$C86:$G89)), 0 ))/100+IFERROR( MID($C91, SEARCH(I95, $C91) + LEN(I95), 2) / 100, 0 )} -> 0.12 | L96: {=_xlfn.XLOOKUP(L95,$AE$6:$AQ$6,AE85:AQ91,0,0,1)} -> 0 | M96: {=_xlfn.XLOOKUP(M95,$AE$6:$AQ$6,AE97:AQ104,0,0,1)} -> 0 | N96: {=_xlfn.XLOOKUP(N95,$AE$6:$AQ$6,AE109:AQ112,0,0,1)} -> 0 | O96: {=_xlfn.XLOOKUP(O95,$AE$6:$AQ$6,AE117:AQ122,0,0,1)} -> 0 | S96: 根据天赋完善技能倍率和buff
B97: 装备 | C97: {=SUM(IFERROR( VALUE(MID($C86:$G89, FIND(C95, $C86:$G89) + LEN(C95), 10)) * ISNUMBER(FIND(C95, $C86:$G89)), 0 ))+SUM(IFERROR( VALUE(MID($C86:$G89, FIND(C94, $C86:$G89) + LEN(C94), 10)) * ISNUMBER(FIND(C94, $C86:$G89)), 0 ))+IFERROR( MID($C91, SEARCH(C95, $C91) + LEN(C95), 2) / 100, 0 )+IFERROR( MID($C91, SEARCH(C94, $C91) + LEN(C94), 2) / 100, 0 )} -> 12 | D97: {=SUM(IFERROR( VALUE(MID($C86:$G89, FIND(D95, $C86:$G89) + LEN(D95), 10)) * ISNUMBER(FIND(D95, $C86:$G89)), 0 ))+SUM(IFERROR( VALUE(MID($C86:$G89, FIND(D94, $C86:$G89) + LEN(D94), 10)) * ISNUMBER(FIND(D94, $C86:$G89)), 0 ))+IFERROR( MID($C91, SEARCH(D95, $C91) + LEN(D95), 2) / 100, 0 )+IFERROR( MID($C91, SEARCH(D94, $C91) + LEN(D94), 2) / 100, 0 )} -> 12 | S97: 根据潜能完善倍率
B98: 总计 | C98: {=ROUNDUP(SUM(C96:C97)*(1+IF(LEN(TRIM(LEFT(C94,3)))=0, 0, SUMPRODUCT( IFERROR( VALUE(MID($C86:$G89, SEARCH(LEFT(C94,3), $C86:$G89) + 3, 10)) * ISNUMBER(SEARCH(LEFT(C94,3), $C86:$G89)), 0 ) )+IFERROR( MID($C91, SEARCH(C95, $C91) + LEN(C95), 2) / 100, 0 ) )/100),0)} -> 251 | D98: {=ROUNDUP(SUM(D96:D97)*(1+IF(LEN(TRIM(LEFT(D94,3)))=0, 0, SUMPRODUCT( IFERROR( VALUE(MID($C86:$G89, SEARCH(LEFT(D94,3), $C86:$G89) + 3, 10)) * ISNUMBER(SEARCH(LEFT(D94,3), $C86:$G89)), 0 ) )+IFERROR( MID($C91, SEARCH(D95, $C91) + LEN(D95), 2) / 100, 0 ) )/100),0)} -> 135 | S98: 根据武器添加新buff
B99: 能力值加成 | C99: =C98*0.005+D98*0.002 -> 1.525
C106: 数值栏 | E106: 攻击计算器 | J106: 面板乘区 | N106: 伤害加成 | T106: 拐 | AE106: 连携
B107: 面板 | C107: 技能名称 | D107: buff名称 | E107: 基础攻击力 | F107: 百分比 | G107: 固定数值 | H107: 能力值加成 | I107: 总攻击力 | J107: 倍率 | K107: 暴击率 | L107: 暴击伤害 | M107: 源石技艺 | N107: 基础伤害加成 | O107: 普攻 | P107: 战技 | Q107: 连携 | R107: 大招 | S107: 总伤害加成 | T107: 脆弱 | U107: 增幅 | V107: 易伤 | W107: 抗性 | X107: 连击 | Y107: 失衡易伤 | Z107: 特殊加成
B108: 干员面板 | H108: =C99 -> 1.525 | I108: =(E108*(1+F108)+G108)*(H108+1) -> 0
C109: 干员普攻 | D109: N/a | E109: =E108 -> 0 | F109: =F108 -> 0 | G109: =G108 -> 0 | H109: =H108 -> 1.525 | I109: =(E109*(1+F109)+G109)*(H109+1) -> 0 | J109: =SUM(L96:L100) -> 0 | K109: =K108 -> 0 | L109: =L108 -> 0 | M109: =M108 -> 0 | N109: =N108 -> 0 | O109: =O108 -> 0 | P109: =P108 -> 0 | Q109: =Q108 -> 0 | R109: =R108 -> 0 | T109: =T108 -> 0 | U109: =U108 -> 0 | V109: =V108 -> 0 | W109: =W108 -> 0 | X109: =X108 -> 0
C110: 干员前段普攻 | D110: N/a | E110: =E109 -> 0 | F110: =F109 -> 0 | G110: =G109 -> 0 | H110: =H109 -> 1.525 | I110: =(E110*(1+F110)+G110)*(H110+1) -> 0 | J110: =SUM(L96:L99) -> 0 | K110: =K109 -> 0 | L110: =L109 -> 0 | M110: =M109 -> 0 | N110: =N109 -> 0 | O110: =O109 -> 0 | P110: =P109 -> 0 | Q110: =Q109 -> 0 | R110: =R109 -> 0 | T110: =T109 -> 0 | U110: =U109 -> 0 | V110: =V109 -> 0 | W110: =W109 -> 0 | X110: =X109 -> 0
C111: 干员重击普攻 | D111: N/a | E111: =E110 -> 0 | F111: =F110 -> 0 | G111: =G110 -> 0 | H111: =H110 -> 1.525 | I111: =(E111*(1+F111)+G111)*(H111+1) -> 0 | J111: =L100 -> 0 | K111: =K110 -> 0 | L111: =L110 -> 0 | M111: =M110 -> 0 | N111: =N110 -> 0 | O111: =O110 -> 0 | P111: =P110 -> 0 | Q111: =Q110 -> 0 | R111: =R110 -> 0 | T111: =T110 -> 0 | U111: =U110 -> 0 | V111: =V110 -> 0 | W111: =W110 -> 0 | X111: =X110 -> 0
C112: 干员处决普攻 | D112: N/a | E112: =E111 -> 0 | F112: =F111 -> 0 | G112: =G111 -> 0 | H112: =H111 -> 1.525 | I112: =(E112*(1+F112)+G112)*(H112+1) -> 0 | J112: =L101 -> 0 | K112: =K111 -> 0 | L112: =L111 -> 0 | M112: =M111 -> 0 | N112: =N111 -> 0 | O112: =O111 -> 0 | P112: =P111 -> 0 | Q112: =Q111 -> 0 | R112: =R111 -> 0 | T112: =T111 -> 0 | U112: =U111 -> 0 | V112: =V111 -> 0 | W112: =W111 -> 0 | X112: =X111 -> 0
C113: 干员下落普攻 | D113: N/a | E113: =E112 -> 0 | F113: =F112 -> 0 | G113: =G112 -> 0 | H113: =H112 -> 1.525 | I113: =(E113*(1+F113)+G113)*(H113+1) -> 0 | J113: =L102 -> 0 | K113: =K112 -> 0 | L113: =L112 -> 0 | M113: =M112 -> 0 | N113: =N112 -> 0 | O113: =O112 -> 0 | P113: =P112 -> 0 | Q113: =Q112 -> 0 | R113: =R112 -> 0 | T113: =T112 -> 0 | U113: =U112 -> 0 | V113: =V112 -> 0 | W113: =W112 -> 0 | X113: =X112 -> 0
D114: N/a | E114: =E113 -> 0 | F114: =F113 -> 0 | G114: =G113 -> 0 | H114: =H113 -> 1.525 | I114: =(E114*(1+F114)+G114)*(H114+1) -> 0 | K114: =K113 -> 0 | L114: =L113 -> 0 | M114: =M113 -> 0 | N114: =N113 -> 0 | O114: =O113 -> 0 | P114: =P113 -> 0 | Q114: =Q113 -> 0 | R114: =R113 -> 0 | T114: =T113 -> 0 | U114: =U113 -> 0 | V114: =V113 -> 0 | W114: =W113 -> 0 | X114: =X113 -> 0 | AE114: 终结技
D115: N/a | E115: =E114 -> 0 | F115: =F114 -> 0 | G115: =G114 -> 0 | H115: =H114 -> 1.525 | I115: =(E115*(1+F115)+G115)*(H115+1) -> 0 | K115: =K114 -> 0 | L115: =L114 -> 0 | M115: =M114 -> 0 | N115: =N114 -> 0 | O115: =O114 -> 0 | P115: =P114 -> 0 | Q115: =Q114 -> 0 | R115: =R114 -> 0 | T115: =T114 -> 0 | U115: =U114 -> 0 | V115: =V114 -> 0 | W115: =W114 -> 0 | X115: =X114 -> 0
D116: N/a | E116: =E115 -> 0 | F116: =F115 -> 0 | G116: =G115 -> 0 | H116: =H115 -> 1.525 | I116: =(E116*(1+F116)+G116)*(H116+1) -> 0 | K116: =K115 -> 0 | L116: =L115 -> 0 | M116: =M115 -> 0 | N116: =N115 -> 0 | O116: =O115 -> 0 | P116: =P115 -> 0 | Q116: =Q115 -> 0 | R116: =R115 -> 0 | T116: =T115 -> 0 | U116: =U115 -> 0 | V116: =V115 -> 0 | W116: =W115 -> 0 | X116: =X115 -> 0
D117: N/a | E117: =E116 -> 0 | F117: =F116 -> 0 | G117: =G116 -> 0 | H117: =H116 -> 1.525 | I117: =(E117*(1+F117)+G117)*(H117+1) -> 0 | K117: =K116 -> 0 | L117: =L116 -> 0 | M117: =M116 -> 0 | N117: =N116 -> 0 | O117: =O116 -> 0 | P117: =P116 -> 0 | Q117: =Q116 -> 0 | R117: =R116 -> 0 | T117: =T116 -> 0 | U117: =U116 -> 0 | V117: =V116 -> 0 | W117: =W116 -> 0 | X117: =X116 -> 0
D118: N/a | E118: =E117 -> 0 | F118: =F117 -> 0 | G118: =G117 -> 0 | H118: =H117 -> 1.525 | I118: =(E118*(1+F118)+G118)*(H118+1) -> 0 | K118: =K117 -> 0 | L118: =L117 -> 0 | M118: =M117 -> 0 | N118: =N117 -> 0 | O118: =O117 -> 0 | P118: =P117 -> 0 | Q118: =Q117 -> 0 | R118: =R117 -> 0 | T118: =T117 -> 0 | U118: =U117 -> 0 | V118: =V117 -> 0 | W118: =W117 -> 0 | X118: =X117 -> 0
D119: N/a | E119: =E118 -> 0 | F119: =F118 -> 0 | G119: =G118 -> 0 | H119: =H118 -> 1.525 | I119: =(E119*(1+F119)+G119)*(H119+1) -> 0 | K119: =K118 -> 0 | L119: =L118 -> 0 | M119: =M118 -> 0 | N119: =N118 -> 0 | O119: =O118 -> 0 | P119: =P118 -> 0 | Q119: =Q118 -> 0 | R119: =R118 -> 0 | T119: =T118 -> 0 | U119: =U118 -> 0 | V119: =V118 -> 0 | W119: =W118 -> 0 | X119: =X118 -> 0
D120: N/a | E120: =E119 -> 0 | F120: =F119 -> 0 | G120: =G119 -> 0 | H120: =H119 -> 1.525 | I120: =(E120*(1+F120)+G120)*(H120+1) -> 0 | K120: =K119 -> 0 | L120: =L119 -> 0 | M120: =M119 -> 0 | N120: =N119 -> 0 | O120: =O119 -> 0 | P120: =P119 -> 0 | Q120: =Q119 -> 0 | R120: =R119 -> 0 | T120: =T119 -> 0 | U120: =U119 -> 0 | V120: =V119 -> 0 | W120: =W119 -> 0 | X120: =X119 -> 0
D121: N/a | E121: =E120 -> 0 | F121: =F120 -> 0 | G121: =G120 -> 0 | H121: =H120 -> 1.525 | I121: =(E121*(1+F121)+G121)*(H121+1) -> 0 | K121: =K120 -> 0 | L121: =L120 -> 0 | M121: =M120 -> 0 | N121: =N120 -> 0 | O121: =O120 -> 0 | P121: =P120 -> 0 | Q121: =Q120 -> 0 | R121: =R120 -> 0 | T121: =T120 -> 0 | U121: =U120 -> 0 | V121: =V120 -> 0 | W121: =W120 -> 0 | X121: =X120 -> 0
D122: N/a | E122: =E121 -> 0 | F122: =F121 -> 0 | G122: =G121 -> 0 | H122: =H121 -> 1.525 | I122: =(E122*(1+F122)+G122)*(H122+1) -> 0 | K122: =K121 -> 0 | L122: =L121 -> 0 | M122: =M121 -> 0 | N122: =N121 -> 0 | O122: =O121 -> 0 | P122: =P121 -> 0 | Q122: =Q121 -> 0 | R122: =R121 -> 0 | T122: =T121 -> 0 | U122: =U121 -> 0 | V122: =V121 -> 0 | W122: =W121 -> 0 | X122: =X121 -> 0
C123: N/a
C124: N/a
C125: N/a
C126: N/a
C127: N/a
C128: N/a
C129: N/a
C130: N/a
C131: N/a
C132: N/a
...

Sheet 主c角色库
B1: 观前提示 | C1: 制作一个主c的技能伤害倍率和buff数值表，他需要对zmd的伤害计算有一定的理解 | L1: 面板属性和buff | M1: 面板属性是入场是指没有任何buff图标加成的
C2: 为了制作这个表，我想要不管你的角色什么练度，潜能，技能等级，都能计算出伤害，而不是只能算满潜满级的这种一次性伤害计算器 | L2: buff | M2: 有触发条件，触发后在一段时间内生效，有buff图标
C3: 正因为为了这个灵活性，所以对excel也有一定的门槛，而如果解释这些的话视频就会很长。
C4: 制作这个视频真的花费了我大量的精力，也希望你们能快速的使用这个计算器为了自己喜欢的角色排轴算伤害，为终末地的社区建设出一份力
B6: 详细队伍数据 | AF6: 1 | AG6: 2 | AH6: 3 | AI6: 4 | AJ6: 5 | AK6: 6 | AL6: 7 | AM6: 8 | AN6: 9 | AO6: M1 | AP6: M2 | AQ6: M3
B7: 洛茜
C8: 武器 | D8: 护甲 | E8: 护手 | F8: 配件1 | G8: 配件2 | H8: 套装效果 | I8: 潜能 | AE8: 普攻
B9: 名称 | C9: 狼之绯 | D9: 警用护甲一 | E9: 警用手套一 | F9: 警用瞄具一 | G9: 生物辅助护板 | H9: =IF(COUNTIF(E9:G9,LEFT(D9,2)&"*")>=2,LEFT(D9,2), IF(COUNTIF(F9:G9,LEFT(E9,2)&"*")=2,LEFT(E9,2), "")) -> 警用 | I9: 0 | AF9: 1 | AG9: 2 | AH9: 3 | AI9: 4 | AJ9: 5 | AK9: 6 | AL9: 7 | AM9: 8 | AN9: 9 | AO9: M1 | AP9: M2 | AQ9: M3
B10: 等级 | D10: 3 | E10: 3 | F10: 3 | G10: 3 | AE10: 普攻第一段倍率 | AF10: 0.27 | AG10: 0.3 | AH10: 0.32 | AI10: 0.35 | AJ10: 0.38 | AK10: 0.41 | AL10: 0.43 | AM10: 0.46 | AN10: 0.49 | AO10: 0.52 | AP10: 0.56 | AQ10: 0.61
B11: 词条1 | C11: =_xlfn.XLOOKUP(C9,武器库!$B:$B,武器库!$C:$C,"") -> 敏捷+156 | D11: =VLOOKUP(D9,护甲库!$A:$M,2+D10*3,FALSE) -> 敏捷113 | E11: =VLOOKUP(E9,护手库!$A:$M,2+E10*3,FALSE) -> 敏捷84 | F11: =VLOOKUP(F9,配件库!$A:$M,2+F10*3,FALSE) -> 敏捷41 | G11: =VLOOKUP(G9,配件库!$A:$M,2+G10*3,FALSE) -> 意志41 | AE11: 普攻第二段倍率 | AF11: 0.32 | AG11: 0.35 | AH11: 0.38 | AI11: 0.41 | AJ11: 0.44 | AK11: 0.47 | AL11: 0.5 | AM11: 0.54 | AN11: 0.57 | AO11: 0.61 | AP11: 0.65 | AQ11: 0.71
B12: 词条2 | C12: =_xlfn.XLOOKUP(C9,武器库!$B:$B,武器库!$D:$D,"") -> 暴击19.5 | D12: =VLOOKUP(D9,护甲库!$A:$M,3+D10*3,FALSE) -> 智识75 | E12: =VLOOKUP(E9,护手库!$A:$M,3+E10*3,FALSE) -> 智识55 | F12: =VLOOKUP(F9,配件库!$A:$M,3+F10*3,FALSE) -> 智识27 | G12: =VLOOKUP(G9,配件库!$A:$M,3+G10*3,FALSE) -> 智识27 | AE12: 普攻第三段倍率 | AF12: 0.34 | AG12: 0.37 | AH12: 0.41 | AI12: 0.44 | AJ12: 0.48 | AK12: 0.51 | AL12: 0.54 | AM12: 0.58 | AN12: 0.61 | AO12: 0.65 | AP12: 0.71 | AQ12: 0.77
B13: 词条3 | C13: =_xlfn.XLOOKUP(C9,武器库!$B:$B,武器库!$E:$E,"") -> 攻击力25.6 | D13: =VLOOKUP(D9,护甲库!$A:$M,4+D10*3,FALSE) -> 充能16.0 | E13: =VLOOKUP(E9,护手库!$A:$M,4+E10*3,FALSE) -> 终结技56.1 | F13: =VLOOKUP(F9,配件库!$A:$M,4+F10*3,FALSE) -> 暴击13.5 | G13: =VLOOKUP(G9,配件库!$A:$M,4+G10*3,FALSE) -> 主能力26.9 | AE13: 普攻第四段倍率 | AF13: 0.41 | AG13: 0.45 | AH13: 0.49 | AI13: 0.53 | AJ13: 0.57 | AK13: 0.61 | AL13: 0.65 | AM13: 0.69 | AN13: 0.73 | AO13: 0.78 | AP13: 0.84 | AQ13: 0.91
B14: 武器效果 | C14: =_xlfn.XLOOKUP(C9,武器库!$B:$B,武器库!$F:$F,"") -> 装备者造成暴击伤害后，获得1层狼血，物理和灼热伤害+1.6%，最多叠加16层。当狼血叠加至16层后，物理和灼热伤害额外+38.4%，持续20秒。持续时间结束后，清空所有狼血叠加层数。 | AE14: 普攻第五段倍率 | AF14: 0.5 | AG14: 0.55 | AH14: 0.6 | AI14: 0.65 | AJ14: 0.7 | AK14: 0.75 | AL14: 0.8 | AM14: 0.85 | AN14: 0.9 | AO14: 0.96 | AP14: 1.04 | AQ14: 1.13
B15: 套装效果 | C15: =VLOOKUP(H9,套装效果库!A:B,2,0) -> 暴击05。当触发暴击后，5秒内+5%攻击力，该效果最多叠加5层。层数叠满后，额外+5%暴击率，该效果无法叠加。 | AE15: 处决攻击倍率 | AF15: 4 | AG15: 4.4 | AH15: 4.8 | AI15: 5.2 | AJ15: 5.6 | AK15: 6 | AL15: 6.4 | AM15: 6.8 | AN15: 7.2 | AO15: 7.7 | AP15: 8.3 | AQ15: 9
AE16: 下落攻击倍率 | AF16: 0.8 | AG16: 0.88 | AH16: 0.96 | AI16: 1.04 | AJ16: 1.12 | AK16: 1.2 | AL16: 1.28 | AM16: 1.36 | AN16: 1.44 | AO16: 1.54 | AP16: 1.66 | AQ16: 1.8
C18: 主能力值 | D18: 副能力值 | L18: 普攻 | M18: 战技 | N18: 连携 | O18: 大招 | AE18: 战技
C19: 敏捷 | D19: 智识 | E19: 攻击力 | F19: 充能 | G19: 终结技 | H19: 暴击 | K19: 等级 | L19: M3 | M19: M3 | N19: M3 | O19: M3 | AF19: 1 | AG19: 2 | AH19: 3 | AI19: 4 | AJ19: 5 | AK19: 6 | AL19: 7 | AM19: 8 | AN19: 9 | AO19: M1 | AP19: M2 | AQ19: M3
B20: 角色 | C20: =176+60+IF(I9>=2,20,0) -> 236 | D20: 118 | E20: {=SUM(IFERROR( VALUE(MID($C10:$G13, SEARCH(E19, $C10:$G13) + LEN(E19), 10)) * ISNUMBER(SEARCH(E19,$C10:$G13)), 0 ))/100+IFERROR( MID($C15, SEARCH(E19, $C15) + LEN(E19), 2) / 100, 0 )} -> 0.256 | F20: {=SUM(IFERROR( VALUE(MID($C10:$G13, SEARCH(F19, $C10:$G13) + LEN(F19), 10)) * ISNUMBER(SEARCH(F19,$C10:$G13)), 0 ))/100+IFERROR( MID($C15, SEARCH(F19, $C15) + LEN(F19), 2) / 100, 0 )} -> 0.16 | G20: {=SUM(IFERROR( VALUE(MID($C10:$G13, SEARCH(G19, $C10:$G13) + LEN(G19), 10)) * ISNUMBER(SEARCH(G19,$C10:$G13)), 0 ))/100+IFERROR( MID($C15, SEARCH(G19, $C15) + LEN(G19), 2) / 100, 0 )} -> 0.561 | H20: {=SUM(IFERROR( VALUE(MID($C10:$G13, SEARCH(H19, $C10:$G13) + LEN(H19), 10)) * ISNUMBER(SEARCH(H19,$C10:$G13)), 0 ))/100+IFERROR( MID($C15, SEARCH(H19, $C15) + LEN(H19), 2) / 100, 0 )} -> 0.38 | I20: {=SUM(IFERROR( VALUE(MID($C10:$G13, SEARCH(I19, $C10:$G13) + LEN(I19), 10)) * ISNUMBER(SEARCH(I19,$C10:$G13)), 0 ))/100+IFERROR( MID($C15, SEARCH(I19, $C15) + LEN(I19), 2) / 100, 0 )} -> 0.12 | K20: 技能倍率 | L20: {=_xlfn.XLOOKUP(L19,$AE$6:$AQ$6,AE10:AQ16,0,0,1)} -> 0.61 | M20: {=_xlfn.XLOOKUP(M19,$AE$6:$AQ$6,AE20:AQ23,0,0,1)} -> 1.92 | N20: {=_xlfn.XLOOKUP(N19,$AE$6:$AQ$6,AE27:AQ34,0,0,1)} -> 14s | O20: {=_xlfn.XLOOKUP(O19,$AE$6:$AQ$6,AE38:AQ43,0,0,1)} -> 110 | AE20: 第一段伤害倍率 | AF20: 0.85 | AG20: 0.94 | AH20: 1.02 | AI20: 1.11 | AJ20: 1.19 | AK20: 1.28 | AL20: 1.37 | AM20: 1.45 | AN20: 1.54 | AO20: 1.64 | AP20: 1.77 | AQ20: 1.92
B21: 装备 | C21: {=SUM(IFERROR( VALUE(MID($C10:$G13, FIND(C19, $C10:$G13) + LEN(C19), 10)) * ISNUMBER(FIND(C19, $C10:$G13)), 0 ))+SUM(IFERROR( VALUE(MID($C10:$G13, FIND(C18, $C10:$G13) + LEN(C18), 10)) * ISNUMBER(FIND(C18, $C10:$G13)), 0 ))+IFERROR( MID($C15, SEARCH(C19, $C15) + LEN(C19), 2) / 100, 0 )+IFERROR( MID($C15, SEARCH(C18, $C15) + LEN(C18), 2) / 100, 0 )} -> 394 | D21: {=SUM(IFERROR( VALUE(MID($C10:$G13, FIND(D19, $C10:$G13) + LEN(D19), 10)) * ISNUMBER(FIND(D19, $C10:$G13)), 0 ))+SUM(IFERROR( VALUE(MID($C10:$G13, FIND(D18, $C10:$G13) + LEN(D18), 10)) * ISNUMBER(FIND(D18, $C10:$G13)), 0 ))+IFERROR( MID($C15, SEARCH(D19, $C15) + LEN(D19), 2) / 100, 0 )+IFERROR( MID($C15, SEARCH(D18, $C15) + LEN(D18), 2) / 100, 0 )} -> 184 | L21: 0.71 | M21: 5 | N21: 1.5 | O21: 6 | AE21: 第一段失衡值 | AF21: 5 | AG21: 5 | AH21: 5 | AI21: 5 | AJ21: 5 | AK21: 5 | AL21: 5 | AM21: 5 | AN21: 5 | AO21: 5 | AP21: 5 | AQ21: 5
B22: 总计 | C22: {=ROUNDUP(SUM(C20:C21)*(1+IF(LEN(TRIM(LEFT(C18,3)))=0, 0, SUMPRODUCT( IFERROR( VALUE(MID($C10:$G13, SEARCH(LEFT(C18,3), $C10:$G13) + 3, 10)) * ISNUMBER(SEARCH(LEFT(C18,3), $C10:$G13)), 0 ) )+IFERROR( MID($C15, SEARCH(C19, $C15) + LEN(C19), 2) / 100, 0 ) )/100),0)} -> 800 | D22: {=ROUNDUP(SUM(D20:D21)*(1+IF(LEN(TRIM(LEFT(D18,3)))=0, 0, SUMPRODUCT( IFERROR( VALUE(MID($C10:$G13, SEARCH(LEFT(D18,3), $C10:$G13) + 3, 10)) * ISNUMBER(SEARCH(LEFT(D18,3), $C10:$G13)), 0 ) )+IFERROR( MID($C15, SEARCH(D19, $C15) + LEN(D19), 2) / 100, 0 ) )/100),0)} -> 302 | L22: 0.77 | M22: 2.88 | N22: 3 | O22: 2.5 | AE22: 第二段伤害倍率 | AF22: 1.28 | AG22: 1.41 | AH22: 1.53 | AI22: 1.66 | AJ22: 1.79 | AK22: 1.92 | AL22: 2.04 | AM22: 2.17 | AN22: 2.3 | AO22: 2.46 | AP22: 2.65 | AQ22: 2.88
B23: 能力值加成 | C23: =C22*0.005+D22*0.002 -> 4.604 | L23: 0.91 | M23: 15 | N23: 1.8 | O23: 7.5 | AE23: 第二段失衡值 | AF23: 10 | AG23: 10 | AH23: 10 | AI23: 10 | AJ23: 10 | AK23: 10 | AL23: 10 | AM23: 10 | AN23: 12 | AO23: 12 | AP23: 12 | AQ23: 15
L24: 1.13 | N24: 5 | O24: 25
L25: 9 | N25: 0.25 | O25: 0.6 | AE25: 连携
L26: 1.8 | N26: 0.5 | AF26: 1 | AG26: 2 | AH26: 3 | AI26: 4 | AJ26: 5 | AK26: 6 | AL26: 7 | AM26: 8 | AN26: 9 | AO26: M1 | AP26: M2 | AQ26: M3
N27: 15 | AE27: 冷却时间 | AF27: 15s | AG27: 15s | AH27: 15s | AI27: 15s | AJ27: 15s | AK27: 15s | AL27: 15s | AM27: 15s | AN27: 15s | AO27: 15s | AP27: 15s | AQ27: 14s
AE28: 第一段伤害倍率 | AF28: 0.67 | AG28: 0.73 | AH28: 0.8 | AI28: 0.87 | AJ28: 0.93 | AK28: 1 | AL28: 1.07 | AM28: 1.13 | AN28: 1.2 | AO28: 1.28 | AP28: 1.38 | AQ28: 1.5
AE29: 第二段伤害倍率 | AF29: 1.33 | AG29: 1.47 | AH29: 1.6 | AI29: 1.73 | AJ29: 1.87 | AK29: 2 | AL29: 2.13 | AM29: 2.27 | AN29: 2.4 | AO29: 2.57 | AP29: 2.77 | AQ29: 3
C30: 数值栏 | E30: 攻击计算器 | J30: 面板乘区 | N30: 伤害加成 | T30: 拐 | AE30: 消耗每层附着额外伤害倍率 | AF30: 0.8 | AG30: 0.88 | AH30: 0.96 | AI30: 1.04 | AJ30: 1.12 | AK30: 1.2 | AL30: 1.28 | AM30: 1.36 | AN30: 1.44 | AO30: 1.54 | AP30: 1.66 | AQ30: 1.8
B31: 面板 | C31: 技能名称 | D31: buff名称 | E31: 基础攻击力 | F31: 百分比 | G31: 固定数值 | H31: 能力值加成 | I31: 总攻击力 | J31: 倍率 | K31: 暴击率 | L31: 暴击伤害 | M31: 源石技艺 | N31: 基础伤害加成 | O31: 普攻 | P31: 战技 | Q31: 连携 | R31: 大招 | S31: 总伤害加成 | T31: 脆弱 | U31: 增幅 | V31: 易伤 | W31: 抗性 | X31: 连击 | Y31: 失衡易伤 | Z31: 特殊加成 | AE31: 第二段失衡值 | AF31: 5 | AG31: 5 | AH31: 5 | AI31: 5 | AJ31: 5 | AK31: 5 | AL31: 5 | AM31: 5 | AN31: 5 | AO31: 5 | AP31: 5 | AQ31: 5
B32: 洛茜面板 | E32: =828 -> 828 | F32: =$E$20 -> 0.256 | H32: =$C$23 -> 4.604 | I32: =(E32*(1+F32)+G32)*(H32+1) -> 5827.9807 | K32: =$H$20 -> 0.38 | L32: =0.5 -> 0.5 | R32: =$G$20 -> 0.561 | AE32: 暴击率提升 | AF32: 0.15 | AG32: 0.15 | AH32: 0.15 | AI32: 0.17 | AJ32: 0.17 | AK32: 0.17 | AL32: 0.19 | AM32: 0.19 | AN32: 0.21 | AO32: 0.21 | AP32: 0.23 | AQ32: 0.25
C33: 洛茜普攻 | D33: N/a | E33: =828 -> 828 | F33: =$E$20 -> 0.256 | H33: =$C$23 -> 4.604 | I33: =(E33*(1+F33)+G33)*(H33+1) -> 5827.9807 | J33: =SUM(L20:L24) -> 4.13 | K33: =K32 -> 0.38 | L33: =0.5 -> 0.5 | R33: =$G$20 -> 0.561 | AE33: 暴击伤害提升 | AF33: 0.3 | AG33: 0.3 | AH33: 0.3 | AI33: 0.34 | AJ33: 0.34 | AK33: 0.34 | AL33: 0.38 | AM33: 0.38 | AN33: 0.42 | AO33: 0.42 | AP33: 0.46 | AQ33: 0.5
C34: 洛茜前段普攻 | D34: N/a | E34: =828 -> 828 | F34: =$E$20 -> 0.256 | H34: =$C$23 -> 4.604 | I34: =(E34*(1+F34)+G34)*(H34+1) -> 5827.9807 | J34: =SUM($L$20:$L$23) -> 3 | K34: =K33 -> 0.38 | L34: =0.5 -> 0.5 | R34: =$G$20 -> 0.561 | AE34: 增益效果的持续时间（秒） | AF34: 15 | AG34: 15 | AH34: 15 | AI34: 15 | AJ34: 15 | AK34: 15 | AL34: 15 | AM34: 15 | AN34: 15 | AO34: 15 | AP34: 15 | AQ34: 15
C35: 洛茜重击普攻 | D35: N/a | E35: =828 -> 828 | F35: =$E$20 -> 0.256 | H35: =$C$23 -> 4.604 | I35: =(E35*(1+F35)+G35)*(H35+1) -> 5827.9807 | J35: =$L$24 -> 1.13 | K35: =K34 -> 0.38 | L35: =0.5 -> 0.5 | R35: =$G$20 -> 0.561
C36: 洛茜处决普攻 | D36: N/a | E36: =828 -> 828 | F36: =$E$20 -> 0.256 | H36: =$C$23 -> 4.604 | I36: =(E36*(1+F36)+G36)*(H36+1) -> 5827.9807 | J36: =$L$25 -> 9 | K36: =K35 -> 0.38 | L36: =0.5 -> 0.5 | R36: =$G$20 -> 0.561 | AE36: 大招
C37: 洛茜下落普攻 | D37: N/a | E37: =828 -> 828 | F37: =$E$20 -> 0.256 | H37: =$C$23 -> 4.604 | I37: =(E37*(1+F37)+G37)*(H37+1) -> 5827.9807 | J37: =L26 -> 1.8 | K37: =K36 -> 0.38 | L37: =0.5 -> 0.5 | R37: =$G$20 -> 0.561 | AF37: 1 | AG37: 2 | AH37: 3 | AI37: 4 | AJ37: 5 | AK37: 6 | AL37: 7 | AM37: 8 | AN37: 9 | AO37: M1 | AP37: M2 | AQ37: M3
C38: 洛茜战技 | D38: N/a | E38: =828 -> 828 | F38: =$E$20 -> 0.256 | H38: =$C$23 -> 4.604 | I38: =(E38*(1+F38)+G38)*(H38+1) -> 5827.9807 | J38: =($M$20+$M$22)*(IF($I$9>=1,1.15,1)) -> 4.8 | K38: =K37 -> 0.38 | L38: =0.5 -> 0.5 | R38: =$G$20 -> 0.561 | AE38: 所需终结技能量 | AF38: 110 | AG38: 110 | AH38: 110 | AI38: 110 | AJ38: 110 | AK38: 110 | AL38: 110 | AM38: 110 | AN38: 110 | AO38: 110 | AP38: 110 | AQ38: 110
C39: 洛茜前段战技 | D39: N/a | E39: =828 -> 828 | F39: =$E$20 -> 0.256 | H39: =$C$23 -> 4.604 | I39: =(E39*(1+F39)+G39)*(H39+1) -> 5827.9807 | J39: =(M20)*(IF($I$9>=1,1.15,1)) -> 1.92 | K39: =K38 -> 0.38 | L39: =0.5 -> 0.5 | R39: =$G$20 -> 0.561 | AE39: 戳击总伤害倍率 | AF39: 2.75 | AG39: 3 | AH39: 3.25 | AI39: 3.5 | AJ39: 3.75 | AK39: 4 | AL39: 4.25 | AM39: 4.5 | AN39: 4.75 | AO39: 5.25 | AP39: 5.5 | AQ39: 6
C40: 洛茜狼之珀战技 | D40: N/a | E40: =828 -> 828 | F40: =$E$20 -> 0.256 | H40: =$C$23 -> 4.604 | I40: =(E40*(1+F40)+G40)*(H40+1) -> 5827.9807 | J40: =(M22)*(IF($I$9>=1,1.15,1)) -> 2.88 | K40: =K39 -> 0.38 | L40: =0.5 -> 0.5 | R40: =$G$20 -> 0.561 | AE40: 第一段斩击伤害倍率 | AF40: 1.11 | AG40: 1.22 | AH40: 1.33 | AI40: 1.44 | AJ40: 1.56 | AK40: 1.67 | AL40: 1.78 | AM40: 1.89 | AN40: 2 | AO40: 2.14 | AP40: 2.31 | AQ40: 2.5
C41: 洛茜零层连携 | D41: N/a | E41: =828 -> 828 | F41: =$E$20 -> 0.256 | H41: =$C$23 -> 4.604 | I41: =(E41*(1+F41)+G41)*(H41+1) -> 5827.9807 | J41: =($N$21+$N$22)*(IF($I$9>=1,1.15,1)) -> 4.5 | K41: =K47 -> 0.38 | L41: =0.5 -> 0.5 | R41: =$G$20 -> 0.561 | AE41: 第二段斩击伤害倍率 | AF41: 3.33 | AG41: 3.67 | AH41: 4 | AI41: 4.33 | AJ41: 4.67 | AK41: 5 | AL41: 5.34 | AM41: 5.67 | AN41: 6 | AO41: 6.42 | AP41: 6.92 | AQ41: 7.5
C42: 洛茜一层连携 | D42: N/a | E42: =828 -> 828 | F42: =$E$20 -> 0.256 | H42: =$C$23 -> 4.604 | I42: =(E42*(1+F42)+G42)*(H42+1) -> 5827.9807 | J42: =($N$21+$N$22+$N$23)*(IF($I$9>=1,1.15,1)) -> 6.3 | K42: =K41 -> 0.38 | L42: =0.5 -> 0.5 | R42: =$G$20 -> 0.561 | AE42: 失衡值 | AF42: 25 | AG42: 25 | AH42: 25 | AI42: 25 | AJ42: 25 | AK42: 25 | AL42: 25 | AM42: 25 | AN42: 25 | AO42: 25 | AP42: 25 | AQ42: 25
C43: 洛茜二层连携 | D43: N/a | E43: =828 -> 828 | F43: =$E$20 -> 0.256 | H43: =$C$23 -> 4.604 | I43: =(E43*(1+F43)+G43)*(H43+1) -> 5827.9807 | J43: =($N$21+$N$22+$N$23*2)*(IF($I$9>=1,1.15,1)) -> 8.1 | K43: =K42 -> 0.38 | L43: =0.5 -> 0.5 | R43: =$G$20 -> 0.561 | AE43: 暴击伤害提升 | AF43: 0.6 | AG43: 0.6 | AH43: 0.6 | AI43: 0.6 | AJ43: 0.6 | AK43: 0.6 | AL43: 0.6 | AM43: 0.6 | AN43: 0.6 | AO43: 0.6 | AP43: 0.6 | AQ43: 0.6
C44: 洛茜三层连携 | D44: N/a | E44: =828 -> 828 | F44: =$E$20 -> 0.256 | H44: =$C$23 -> 4.604 | I44: =(E44*(1+F44)+G44)*(H44+1) -> 5827.9807 | J44: =($N$21+$N$22+$N$23*3)*(IF($I$9>=1,1.15,1)) -> 9.9 | K44: =K43 -> 0.38 | L44: =0.5 -> 0.5 | R44: =$G$20 -> 0.561
C45: 洛茜四层连携 | D45: N/a | E45: =828 -> 828 | F45: =$E$20 -> 0.256 | H45: =$C$23 -> 4.604 | I45: =(E45*(1+F45)+G45)*(H45+1) -> 5827.9807 | J45: =($N$21+$N$22+$N$23*4)*(IF($I$9>=1,1.15,1)) -> 11.7 | K45: =K44 -> 0.38 | L45: =0.5 -> 0.5 | R45: =$G$20 -> 0.561
C46: 洛茜大招 | D46: N/a | E46: =828 -> 828 | F46: =$E$20 -> 0.256 | H46: =$C$23 -> 4.604 | I46: =(E46*(1+F46)+G46)*(H46+1) -> 5827.9807 | J46: =SUM($O$21:$O$23)*IF(I9>=5,1.1,1) -> 16 | K46: =K45 -> 0.38 | L46: =0.5+0.6+IF(I9>=5,0.3,0) -> 1.1 | R46: =$G$20 -> 0.561
C47: 洛茜斫痕额外物理倍率 | D47: N/a | E47: =828 -> 828 | F47: =$E$20 -> 0.256 | H47: =$C$23 -> 4.604 | I47: =(E47*(1+F47)+G47)*(H47+1) -> 5827.9807 | J47: =0.3*25 -> 7.5 | K47: =K40 -> 0.38 | L47: =0.5 -> 0.5 | R47: =$G$20 -> 0.561
C48: 洛茜天赋沸血 | D48: N/a | E48: =828 -> 828 | F48: =$E$20 -> 0.256 | H48: =$C$23 -> 4.604 | I48: =(E48*(1+F48)+G48)*(H48+1) -> 5827.9807 | J48: =0.24+IF(I9>=3,0.08,0) -> 0.24 | K48: =K46 -> 0.38 | L48: =0.5 -> 0.5 | R48: =$G$20 -> 0.561
C49: 洛茜天赋燃烧沸血 | D49: N/a | E49: =828 -> 828 | F49: =$E$20 -> 0.256 | H49: =$C$23 -> 4.604 | I49: =(E49*(1+F49)+G49)*(H49+1) -> 5827.9807 | J49: =(0.24+IF(I10>=3,0.08,0))*1.5 -> 0.36 | K49: =K47 -> 0.38 | L49: =0.5 -> 0.5 | R49: =$G$20 -> 0.561
B50: 持续时间/s
B51: 15 | C51: N/a | D51: 洛茜二段连携 | K51: =N25 -> 0.25 | L51: =N26 -> 0.5
B52: 15 | C52: N/a | D52: 洛茜天赋战技斫痕 | V52: =0.12 -> 0.12
B53: 5 | C53: N/a | D53: 洛茜套装五次暴击后 | F53: =0.25 -> 0.25 | K53: =0.05 -> 0.05
C54: N/a | D54: 洛茜狼之绯叠满暴击前 | N54: =8*0.016 -> 0.128
B55: 20 | C55: N/a | D55: 洛茜狼之绯叠满暴击后 | N55: =16*0.016+0.384 -> 0.64
B56: =30 -> 30 | C56: N/a | D56: 洛茜光荣记忆一战技 | N56: =0.216 -> 0.216
B57: =30 -> 30 | C57: N/a | D57: 洛茜光荣记忆二战技 | N57: =$N$56*2 -> 0.432
B58: =30 -> 30 | C58: N/a | D58: 洛茜光荣记忆三战技 | N58: =$N$56*3 -> 0.648
B62: 管理员
C63: 武器 | D63: 护甲 | E63: 护手 | F63: 配件1 | G63: 配件2 | H63: 套装效果 | I63: 潜能 | J63: 吃药 | AE63: 普攻
B64: 名称 | C64: 显赫声名 | D64: 点剑重装甲 | E64: 轻超域护手 | F64: 点剑火石 | G64: 点剑火石 | H64: =IF(COUNTIF(E64:G64,LEFT(D64,2)&"*")>=2,LEFT(D64,2), IF(COUNTIF(F64:G64,LEFT(E64,2)&"*")=2,LEFT(E64,2), "")) -> 点剑 | I64: 2 | AF64: 1 | AG64: 2 | AH64: 3 | AI64: 4 | AJ64: 5 | AK64: 6 | AL64: 7 | AM64: 8 | AN64: 9 | AO64: M1 | AP64: M2 | AQ64: M3
B65: 等级 | D65: 3 | E65: 3 | F65: 3 | G65: 3 | AE65: 普攻第一段倍率 | AF65: 0.23 | AG65: 0.25 | AH65: 0.27 | AI65: 0.29 | AJ65: 0.32 | AK65: 0.34 | AL65: 0.36 | AM65: 0.39 | AN65: 0.41 | AO65: 0.44 | AP65: 0.47 | AQ65: 0.51
B66: 词条1 | C66: =_xlfn.XLOOKUP(C64,武器库!$B:$B,武器库!$C:$C,"") -> 主能力值+132 | D66: =VLOOKUP(D64,护甲库!$A:$M,2+D65*3,FALSE) -> 敏捷113 | E66: =VLOOKUP(E64,护手库!$A:$M,2+E65*3,FALSE) -> 敏捷84 | F66: =VLOOKUP(F64,配件库!$A:$M,2+F65*3,FALSE) -> 敏捷41 | G66: =VLOOKUP(G64,配件库!$A:$M,2+G65*3,FALSE) -> 敏捷41 | AE66: 普攻第二段倍率 | AF66: 0.27 | AG66: 0.3 | AH66: 0.32 | AI66: 0.35 | AJ66: 0.38 | AK66: 0.41 | AL66: 0.43 | AM66: 0.46 | AN66: 0.49 | AO66: 0.52 | AP66: 0.56 | AQ66: 0.61
B67: 词条2 | C67: =_xlfn.XLOOKUP(C64,武器库!$B:$B,武器库!$D:$D,"") -> 物伤43.3 | D67: =VLOOKUP(D64,护甲库!$A:$M,3+D65*3,FALSE) -> 力量75 | E67: =VLOOKUP(E64,护手库!$A:$M,3+E65*3,FALSE) -> 力量55 | F67: =VLOOKUP(F64,配件库!$A:$M,3+F65*3,FALSE) -> 力量27 | G67: =VLOOKUP(G64,配件库!$A:$M,3+G65*3,FALSE) -> 力量27 | AE67: 普攻第三段倍率 | AF67: 0.3 | AG67: 0.33 | AH67: 0.36 | AI67: 0.39 | AJ67: 0.42 | AK67: 0.45 | AL67: 0.48 | AM67: 0.51 | AN67: 0.54 | AO67: 0.58 | AP67: 0.63 | AQ67: 0.68
B68: 词条3 | C68: =_xlfn.XLOOKUP(C64,武器库!$B:$B,武器库!$E:$E,"") -> 攻击力+16.0 | D68: =VLOOKUP(D64,护甲库!$A:$M,4+D65*3,FALSE) -> 技艺26 | E68: =VLOOKUP(E64,护手库!$A:$M,4+E65*3,FALSE) -> 技艺44 | F68: =VLOOKUP(F64,配件库!$A:$M,4+F65*3,FALSE) -> 物伤29.9 | G68: =VLOOKUP(G64,配件库!$A:$M,4+G65*3,FALSE) -> 物伤29.9 | AE68: 普攻第四段倍率 | AF68: 0.35 | AG68: 0.38 | AH68: 0.41 | AI68: 0.45 | AJ68: 0.48 | AK68: 0.52 | AL68: 0.55 | AM68: 0.59 | AN68: 0.62 | AO68: 0.67 | AP68: 0.72 | AQ68: 0.78
B69: 武器效果 | C69: =_xlfn.XLOOKUP(C64,武器库!$B:$B,武器库!$F:$F,"") -> 装备者消耗破防层数后，自身攻击力+[7.0%+3.5%×消耗层数]，小队内其他干员获得一半的效果，持续20秒。 | AE69: 普攻第五段倍率 | AF69: 0.4 | AG69: 0.44 | AH69: 0.48 | AI69: 0.52 | AJ69: 0.56 | AK69: 0.6 | AL69: 0.64 | AM69: 0.68 | AN69: 0.72 | AO69: 0.77 | AP69: 0.83 | AQ69: 0.9
B70: 套装效果 | C70: =VLOOKUP(H64,套装效果库!A:B,2,0) -> 失衡效率20。当装备者造成物理异常后，额外造成一次250%攻击力的物理伤害[10点失衡值]。该效果每15秒最多触发一次。 | AE70: 处决攻击倍率 | AF70: 4 | AG70: 4.4 | AH70: 4.8 | AI70: 5.2 | AJ70: 5.6 | AK70: 6 | AL70: 6.4 | AM70: 6.8 | AN70: 7.2 | AO70: 7.7 | AP70: 8.3 | AQ70: 9
AE71: 下落攻击倍率 | AF71: 0.8 | AG71: 0.88 | AH71: 0.96 | AI71: 1.04 | AJ71: 1.12 | AK71: 1.2 | AL71: 1.28 | AM71: 1.36 | AN71: 1.44 | AO71: 1.54 | AP71: 1.66 | AQ71: 1.8
C73: 主能力值 | D73: 副能力值 | L73: 普攻 | M73: 战技 | N73: 连携 | O73: 大招 | AE73: 战技
C74: 敏捷 | D74: 力量 | E74: 攻击力 | F74: 技艺 | G74: 充能 | H74: 失衡效率 | I74: 物伤 | K74: 等级 | L74: M3 | M74: M3 | N74: M3 | O74: M3 | AF74: 1 | AG74: 2 | AH74: 3 | AI74: 4 | AJ74: 5 | AK74: 6 | AL74: 7 | AM74: 8 | AN74: 9 | AO74: M1 | AP74: M2 | AQ74: M3
B75: 角色 | C75: =140+60 -> 200 | D75: =123 -> 123 | E75: {=SUM(IFERROR( VALUE(MID($C65:$G68, SEARCH(E74, $C65:$G68) + LEN(E74), 10)) * ISNUMBER(SEARCH(E74,$C65:$G68)), 0 ))/100+IFERROR( MID($C70, SEARCH(E74, $C70) + LEN(E74), 2) / 100, 0 )} -> 0.16 | F75: {=SUM(IFERROR( VALUE(MID($C65:$G68, SEARCH(F74, $C65:$G68) + LEN(F74), 10)) * ISNUMBER(SEARCH(F74,$C65:$G68)), 0 ))/100+IFERROR( MID($C70, SEARCH(F74, $C70) + LEN(F74), 2) / 100, 0 )} -> 0.7 | G75: {=SUM(IFERROR( VALUE(MID($C65:$G68, SEARCH(G74, $C65:$G68) + LEN(G74), 10)) * ISNUMBER(SEARCH(G74,$C65:$G68)), 0 ))/100+IFERROR( MID($C70, SEARCH(G74, $C70) + LEN(G74), 2) / 100, 0 )} -> 0 | H75: {=SUM(IFERROR( VALUE(MID($C65:$G68, SEARCH(H74, $C65:$G68) + LEN(H74), 10)) * ISNUMBER(SEARCH(H74,$C65:$G68)), 0 ))/100+IFERROR( MID($C70, SEARCH(H74, $C70) + LEN(H74), 2) / 100, 0 )} -> 0.2 | I75: {=SUM(IFERROR( VALUE(MID($C65:$G68, SEARCH(I74, $C65:$G68) + LEN(I74), 10)) * ISNUMBER(SEARCH(I74,$C65:$G68)), 0 ))/100+IFERROR( MID($C70, SEARCH(I74, $C70) + LEN(I74), 2) / 100, 0 )} -> 1.031 | K75: 技能倍率 | L75: {=_xlfn.XLOOKUP(L74,$AE$6:$AQ$6,AE65:AQ71,0,0,1)} -> 0.51 | M75: {=_xlfn.XLOOKUP(M74,$AE$6:$AQ$6,AE75:AQ76,0,0,1)} -> 3.5 | N75: {=_xlfn.XLOOKUP(N74,$AE$6:$AQ$6,AE80:AQ83,0,0,1)} -> 1 | O75: {=_xlfn.XLOOKUP(O74,$AE$6:$AQ$6,AE87:AQ89,0,0,1)} -> 8 | AE75: 伤害倍率 | AF75: 1.56 | AG75: 1.71 | AH75: 1.87 | AI75: 2.02 | AJ75: 2.18 | AK75: 2.34 | AL75: 2.49 | AM75: 2.65 | AN75: 2.8 | AO75: 3 | AP75: 3.23 | AQ75: 3.5
B76: 装备 | C76: {=SUM(IFERROR( VALUE(MID($C65:$G68, FIND(C74, $C65:$G68) + LEN(C74), 10)) * ISNUMBER(FIND(C74, $C65:$G68)), 0 ))+SUM(IFERROR( VALUE(MID($C65:$G68, FIND(C73, $C65:$G68) + LEN(C73), 10)) * ISNUMBER(FIND(C73, $C65:$G68)), 0 ))+IFERROR( MID($C70, SEARCH(C74, $C70) + LEN(C74), 2) / 100, 0 )+IFERROR( MID($C70, SEARCH(C73, $C70) + LEN(C73), 2) / 100, 0 )} -> 411 | D76: {=SUM(IFERROR( VALUE(MID($C65:$G68, FIND(D74, $C65:$G68) + LEN(D74), 10)) * ISNUMBER(FIND(D74, $C65:$G68)), 0 ))+SUM(IFERROR( VALUE(MID($C65:$G68, FIND(D73, $C65:$G68) + LEN(D73), 10)) * ISNUMBER(FIND(D73, $C65:$G68)), 0 ))+IFERROR( MID($C70, SEARCH(D74, $C70) + LEN(D74), 2) / 100, 0 )+IFERROR( MID($C70, SEARCH(D73, $C70) + LEN(D73), 2) / 100, 0 )} -> 184 | L76: 0.61 | M76: 10 | N76: 4 | O76: 6 | AE76: 失衡值 | AF76: 10 | AG76: 10 | AH76: 10 | AI76: 10 | AJ76: 10 | AK76: 10 | AL76: 10 | AM76: 10 | AN76: 10 | AO76: 10 | AP76: 10 | AQ76: 10
B77: 总计 | C77: {=ROUNDUP(SUM(C75:C76)*(1+IF(LEN(TRIM(LEFT(C73,3)))=0, 0, SUMPRODUCT( IFERROR( VALUE(MID($C65:$G68, SEARCH(LEFT(C73,3), $C65:$G68) + 3, 10)) * ISNUMBER(SEARCH(LEFT(C73,3), $C65:$G68)), 0 ) )+IFERROR( MID($C70, SEARCH(C74, $C70) + LEN(C74), 2) / 100, 0 ) )/100),0)} -> 611 | D77: {=ROUNDUP(SUM(D75:D76)*(1+IF(LEN(TRIM(LEFT(D73,3)))=0, 0, SUMPRODUCT( IFERROR( VALUE(MID($C65:$G68, SEARCH(LEFT(D73,3), $C65:$G68) + 3, 10)) * ISNUMBER(SEARCH(LEFT(D73,3), $C65:$G68)), 0 ) )+IFERROR( MID($C70, SEARCH(D74, $C70) + LEN(D74), 2) / 100, 0 ) )/100),0)} -> 307 | L77: 0.68 | N77: 10 | O77: 25
B78: 能力值加成 | C78: =C77*0.005+D77*0.002 -> 3.669 | L78: 0.78 | N78: 5 | AE78: 连携
L79: 0.9 | AF79: 1 | AG79: 2 | AH79: 3 | AI79: 4 | AJ79: 5 | AK79: 6 | AL79: 7 | AM79: 8 | AN79: 9 | AO79: M1 | AP79: M2 | AQ79: M3
L80: 9 | AE80: 伤害倍率 | AF80: 0.45 | AG80: 0.49 | AH80: 0.54 | AI80: 0.58 | AJ80: 0.62 | AK80: 0.67 | AL80: 0.71 | AM80: 0.76 | AN80: 0.8 | AO80: 0.86 | AP80: 0.93 | AQ80: 1
L81: 1.8 | AE81: 击碎结晶伤害倍率 | AF81: 1.78 | AG81: 1.96 | AH81: 2.13 | AI81: 2.31 | AJ81: 2.49 | AK81: 2.67 | AL81: 2.84 | AM81: 3.02 | AN81: 3.2 | AO81: 3.42 | AP81: 3.69 | AQ81: 4
AE82: 失衡值 | AF82: 10 | AG82: 10 | AH82: 10 | AI82: 10 | AJ82: 10 | AK82: 10 | AL82: 10 | AM82: 10 | AN82: 10 | AO82: 10 | AP82: 10 | AQ82: 10
C83: 数值栏 | E83: 攻击计算器 | J83: 面板乘区 | N83: 伤害加成 | T83: 拐 | AE83: 封印时间（秒） | AF83: 4 | AG83: 4 | AH83: 4 | AI83: 4 | AJ83: 4 | AK83: 4 | AL83: 4 | AM83: 4 | AN83: 4 | AO83: 4.5 | AP83: 4.5 | AQ83: 5
B84: 面板 | C84: 技能名称 | D84: buff名称 | E84: 基础攻击力 | F84: 百分比 | G84: 固定数值 | H84: 能力值加成 | I84: 总攻击力 | J84: 倍率 | K84: 暴击率 | L84: 暴击伤害 | M84: 源石技艺 | N84: 基础伤害加成 | O84: 普攻 | P84: 战技 | Q84: 连携 | R84: 大招 | S84: 总伤害加成 | T84: 脆弱 | U84: 增幅 | V84: 易伤 | W84: 抗性 | X84: 连击 | Y84: 失衡易伤 | Z84: 特殊加成
B85: 管理员 | C85: N/a | D85: N/a | E85: =819 -> 819 | F85: =$E$75 -> 0.16 | H85: =$C$78 -> 3.669 | I85: =(E85*(1+F85)+G85)*(H85+1) -> 4435.7368 | K85: =0.05 -> 0.05 | L85: =0.5 -> 0.5 | M85: =$F$75 -> 0.7 | N85: =$I$75 -> 1.031 | AE85: 大招
C86: 管理员普攻 | D86: N/a | E86: =$E$85 -> 819 | F86: =$F$85 -> 0.16 | H86: =$C$78 -> 3.669 | I86: =(E86*(1+F86)+G86)*(H86+1) -> 4435.7368 | J86: =SUM(N75:N79) -> 20 | K86: =0.05 -> 0.05 | L86: =0.5 -> 0.5 | M86: =$F$75 -> 0.7 | N86: =$I$75 -> 1.031 | AF86: 1 | AG86: 2 | AH86: 3 | AI86: 4 | AJ86: 5 | AK86: 6 | AL86: 7 | AM86: 8 | AN86: 9 | AO86: M1 | AP86: M2 | AQ86: M3
C87: 管理员前段普攻 | D87: N/a | E87: =$E$85 -> 819 | F87: =$F$85 -> 0.16 | H87: =$C$78 -> 3.669 | I87: =(E87*(1+F87)+G87)*(H87+1) -> 4435.7368 | J87: =SUM($L$75:$L$78) -> 2.58 | K87: =0.05 -> 0.05 | L87: =0.5 -> 0.5 | M87: =$F$75 -> 0.7 | N87: =$I$75 -> 1.031 | AE87: 伤害倍率 | AF87: 3.56 | AG87: 3.91 | AH87: 4.27 | AI87: 4.62 | AJ87: 4.98 | AK87: 5.33 | AL87: 5.69 | AM87: 6.04 | AN87: 6.4 | AO87: 6.84 | AP87: 7.38 | AQ87: 8
C88: 管理员重击普攻 | D88: N/a | E88: =$E$85 -> 819 | F88: =$F$85 -> 0.16 | H88: =$C$78 -> 3.669 | I88: =(E88*(1+F88)+G88)*(H88+1) -> 4435.7368 | J88: =L79 -> 0.9 | K88: =0.05 -> 0.05 | L88: =0.5 -> 0.5 | M88: =$F$75 -> 0.7 | N88: =$I$75 -> 1.031 | AE88: 额外伤害倍率 | AF88: 2.67 | AG88: 2.94 | AH88: 3.2 | AI88: 3.47 | AJ88: 3.74 | AK88: 4 | AL88: 4.27 | AM88: 4.54 | AN88: 4.8 | AO88: 5.14 | AP88: 5.54 | AQ88: 6
C89: 管理员处决普攻 | D89: N/a | E89: =$E$85 -> 819 | F89: =$F$85 -> 0.16 | H89: =$C$78 -> 3.669 | I89: =(E89*(1+F89)+G89)*(H89+1) -> 4435.7368 | J89: =L80 -> 9 | K89: =0.05 -> 0.05 | L89: =0.5 -> 0.5 | M89: =$F$75 -> 0.7 | N89: =$I$75 -> 1.031 | AE89: 失衡值 | AF89: 25 | AG89: 25 | AH89: 25 | AI89: 25 | AJ89: 25 | AK89: 25 | AL89: 25 | AM89: 25 | AN89: 25 | AO89: 25 | AP89: 25 | AQ89: 25
C90: 管理员下落普攻 | D90: N/a | E90: =$E$85 -> 819 | F90: =$F$85 -> 0.16 | H90: =$C$78 -> 3.669 | I90: =(E90*(1+F90)+G90)*(H90+1) -> 4435.7368 | J90: =L81 -> 1.8 | K90: =0.05 -> 0.05 | L90: =0.5 -> 0.5 | M90: =$F$75 -> 0.7 | N90: =$I$75 -> 1.031
C91: 管理员战技 | D91: N/a | E91: =$E$85 -> 819 | F91: =$F$85 -> 0.16 | H91: =$C$78 -> 3.669 | I91: =(E91*(1+F91)+G91)*(H91+1) -> 4435.7368 | J91: =M75 -> 3.5 | K91: =0.05 -> 0.05 | L91: =0.5 -> 0.5 | M91: =$F$75 -> 0.7 | N91: =$I$75 -> 1.031
C92: 管理员一猛击战技 | D92: N/a | E92: =$E$85 -> 819 | F92: =$F$85 -> 0.16 | H92: =$C$78 -> 3.669 | I92: =(E92*(1+F92)+G92)*(H92+1) -> 4435.7368 | J92: =1.5*(1+1)*M92*(1+89/392) -> 2.5767857 | K92: =0.05 -> 0.05 | L92: =0.5 -> 0.5 | M92: =$F$75 -> 0.7 | N92: =$I$75 -> 1.031
C93: 管理员二猛击战技 | D93: N/a | E93: =$E$85 -> 819 | F93: =$F$85 -> 0.16 | H93: =$C$78 -> 3.669 | I93: =(E93*(1+F93)+G93)*(H93+1) -> 4435.7368 | J93: =1.5*(1+2)*M93*(1+89/392) -> 3.8651786 | K93: =0.05 -> 0.05 | L93: =0.5 -> 0.5 | M93: =$F$75 -> 0.7 | N93: =$I$75 -> 1.031
C94: 管理员三猛击战技 | D94: N/a | E94: =$E$85 -> 819 | F94: =$F$85 -> 0.16 | H94: =$C$78 -> 3.669 | I94: =(E94*(1+F94)+G94)*(H94+1) -> 4435.7368 | J94: =1.5*(1+3)*M94*(1+89/392) -> 5.1535714 | K94: =0.05 -> 0.05 | L94: =0.5 -> 0.5 | M94: =$F$75 -> 0.7 | N94: =$I$75 -> 1.031
C95: 管理员四猛击战技 | D95: N/a | E95: =$E$85 -> 819 | F95: =$F$85 -> 0.16 | H95: =$C$78 -> 3.669 | I95: =(E95*(1+F95)+G95)*(H95+1) -> 4435.7368 | J95: =1.5*(1+4)*M95*(1+89/392) -> 6.4419643 | K95: =0.05 -> 0.05 | L95: =0.5 -> 0.5 | M95: =$F$75 -> 0.7 | N95: =$I$75 -> 1.031
C96: 管理员连携 | D96: N/a | E96: =$E$85 -> 819 | F96: =$F$85 -> 0.16 | H96: =$C$78 -> 3.669 | I96: =(E96*(1+F96)+G96)*(H96+1) -> 4435.7368 | J96: =N75+N76 -> 5 | K96: =0.05 -> 0.05 | L96: =0.5 -> 0.5 | M96: =$F$75 -> 0.7 | N96: =$I$75 -> 1.031
C97: 管理员前段连携 | D97: N/a | E97: =$E$85 -> 819 | F97: =$F$85 -> 0.16 | H97: =$C$78 -> 3.669 | I97: =(E97*(1+F97)+G97)*(H97+1) -> 4435.7368 | J97: =N75 -> 1 | K97: =0.05 -> 0.05 | L97: =0.5 -> 0.5 | M97: =$F$75 -> 0.7 | N97: =$I$75 -> 1.031
C98: 管理员碎连携结晶 | D98: N/a | E98: =$E$85 -> 819 | F98: =$F$85 -> 0.16 | H98: =$C$78 -> 3.669 | I98: =(E98*(1+F98)+G98)*(H98+1) -> 4435.7368 | J98: =N76 -> 4 | K98: =0.05 -> 0.05 | L98: =0.5 -> 0.5 | M98: =$F$75 -> 0.7 | N98: =$I$75 -> 1.031
C99: 管理员大招 | D99: N/a | E99: =$E$85 -> 819 | F99: =$F$85 -> 0.16 | H99: =$C$78 -> 3.669 | I99: =(E99*(1+F99)+G99)*(H99+1) -> 4435.7368 | J99: =O75 -> 8 | K99: =0.05 -> 0.05 | L99: =0.5 -> 0.5 | M99: =$F$75 -> 0.7 | N99: =$I$75 -> 1.031
C100: 管理员碎结晶大招 | D100: N/a | E100: =$E$85 -> 819 | F100: =$F$85 -> 0.16 | H100: =$C$78 -> 3.669 | I100: =(E100*(1+F100)+G100)*(H100+1) -> 4435.7368 | J100: =O75+O76 -> 14 | K100: =0.05 -> 0.05 | L100: =0.5 -> 0.5 | M100: =$F$75 -> 0.7 | N100: =$I$75 -> 1.031
B101: 持续时间/s
B102: 15 | C102: N/a | D102: 管理员天赋碎结晶拐自己 | F102: =0.3 -> 0.3
B103: 15 | C103: N/a | D103: 管理员天赋碎结晶拐他人 | F103: =0.15 -> 0.15
B104: =P78 -> 0 | C104: N/a | D104: 管理员结晶敌人易伤 | V104: =0.2 -> 0.2
B105: 20 | C105: N/a | D105: 管理员专武连携后 | N105: =0.576 -> 0.576
B106: 20 | C106: N/a | D106: 管理员显赫一猛击拐自己 | F106: =0.07+0.035*1 -> 0.105
...

Sheet 护甲库
A1: 精锻等级 | B1: 0 | E1: 1 | H1: 2 | K1: 3
A2: 名称 | B2: 词条1 | C2: 词条2 | D2: 词条3 | E2: 词条1 | F2: 词条2 | G2: 词条3 | H2: 词条1 | I2: 词条2 | J2: 词条3 | K2: 词条1 | L2: 词条2 | M2: 词条3
A3: 拓荒护甲 | B3: 力量87 | C3: 智识58 | D3: 终结技25.9 | E3: 力量95 | F3: 智识63 | G3: 终结技28.5 | H3: 力量104 | I3: 智识69 | J3: 终结技31.1 | K3: 力量113 | L3: 智识75 | M3: 终结技33.6
A4: 拓荒护甲一 | B4: 力量87 | C4: 敏捷58 | D4: 战技20.7 | E4: 力量95 | F4: 敏捷63 | G4: 战技22.8 | H4: 力量104 | I4: 敏捷69 | J4: 战技24.8 | K4: 力量113 | L4: 敏捷75 | M4: 战技26.9
A5: 拓荒护甲二 | B5: 敏捷87 | C5: 智识58 | D5: 战技20.7 | E5: 敏捷95 | F5: 智识63 | G5: 战技22.8 | H5: 敏捷104 | I5: 智识69 | J5: 战技24.8 | K5: 敏捷113 | L5: 智识75 | M5: 战技26.9
A6: 拓荒护甲三 | B6: 敏捷87 | C6: 智识58 | D6: 副能力10.4 | E6: 敏捷95 | F6: 智识63 | G6: 副能力11.4 | H6: 敏捷104 | I6: 智识69 | J6: 副能力12.4 | K6: 敏捷113 | L6: 智识75 | M6: 副能力13.5
A7: 拓荒护服 | B7: 智识87 | C7: 敏捷58 | D7: 充能12.3 | E7: 智识95 | F7: 敏捷63 | G7: 充能13.6 | H7: 智识104 | I7: 敏捷69 | J7: 充能14.8 | K7: 智识113 | L7: 敏捷75 | M7: 充能16.0
A8: 应龙重甲 | B8: 力量87 | C8: 意志58 | D8: 物伤11.5 | E8: 力量95 | F8: 意志63 | G8: 物伤12.7 | H8: 力量104 | I8: 意志69 | J8: 物伤13.8 | K8: 力量113 | L8: 意志75 | M8: 物伤14.9
A9: 应龙重甲一 | B9: 敏捷87 | C9: 力量58 | D9: 充能12.3 | E9: 敏捷95 | F9: 力量63 | G9: 充能13.6 | H9: 敏捷104 | I9: 力量69 | J9: 充能14.8 | K9: 敏捷113 | L9: 力量75 | M9: 充能16.0
A10: 应龙重甲二 | B10: 敏捷87 | C10: 智识58 | D10: 连携伤20.7 | E10: 敏捷95 | F10: 智识63 | G10: 连携伤22.8 | H10: 敏捷104 | I10: 智识69 | J10: 连携伤24.8 | K10: 敏捷113 | L10: 智识75 | M10: 连携伤26.9
A11: 应龙轻甲 | B11: 意志87 | C11: 力量58 | D11: 全技伤13.8 | E11: 意志95 | F11: 力量63 | G11: 全技伤15.2 | H11: 意志104 | I11: 力量69 | J11: 全技伤16.6 | K11: 意志113 | L11: 力量75 | M11: 全技伤17.9
A12: 碾骨披巾 | B12: 意志87 | C12: 力量58 | D12: 连携伤20.7 | E12: 意志95 | F12: 力量63 | G12: 连携伤22.8 | H12: 意志104 | I12: 力量69 | J12: 连携伤24.8 | K12: 意志113 | L12: 力量75 | M12: 连携伤26.9
A13: 碾骨披巾一 | B13: 意志87 | C13: 敏捷58 | D13: 充能12.3 | E13: 意志95 | F13: 敏捷63 | G13: 充能13.6 | H13: 意志104 | I13: 敏捷69 | J13: 充能14.8 | K13: 意志113 | L13: 敏捷75 | M13: 充能16.0
... A35: 长息装甲 | B35: 意志87 | C35: 智识58 | D35: 技艺20 | E35: 意志95 | F35: 智识63 | G35: 技艺22 | H35: 意志104 | I35: 智识69 | J35: 技艺24 | K35: 意志113 | L35: 智识75 | M35: 技艺26
A36: 纾难护甲 | B36: 智识115 | D36: 充能12.9 | E36: 智识126 | G36: 充能14.1 | H36: 智识138 | J36: 充能15.4 | K36: 智识149 | M36: 充能16.7
A37: 纾难重甲 | B37: 敏捷115 | D37: 普攻14.4 | E37: 敏捷126 | G37: 普攻15.8 | H37: 敏捷138 | J37: 普攻17.3 | K37: 敏捷149 | M37: 普攻18.7

Sheet 护手库
A1: 精锻等级 | B1: 0 | E1: 1 | H1: 2 | K1: 3
A2: 名称 | B2: 词条1 | C2: 词条2 | D2: 词条3 | E2: 词条1 | F2: 词条2 | G2: 词条3 | H2: 词条1 | I2: 词条2 | J2: 词条3 | K2: 词条1 | L2: 词条2 | M2: 词条3
A3: 拓荒耐蚀手套 | B3: 敏捷65 | C3: 智识43 | D3: 战技34.5 | E3: 敏捷71 | F3: 智识47 | G3: 战技38.0 | H3: 敏捷78 | I3: 智识51 | J3: 战技41.4 | K3: 敏捷84 | L3: 智识55 | M3: 战技44.9
A4: 拓荒纤维手套 | B4: 意志65 | C4: 力量43 | D4: 全技伤23.0 | E4: 意志71 | F4: 力量47 | G4: 全技伤25.3 | H4: 意志78 | I4: 力量51 | J4: 全技伤27.6 | K4: 意志84 | L4: 力量55 | M4: 全技伤29.9
A5: 拓荒纤维手套一 | B5: 智识65 | C5: 敏捷43 | D5: 充能20.5 | E5: 智识71 | F5: 敏捷47 | G5: 充能22.6 | H5: 智识78 | I5: 敏捷51 | J5: 充能24.6 | K5: 智识84 | L5: 敏捷55 | M5: 充能26.7
A6: 应龙护手一 | B6: 意志65 | C6: 敏捷43 | D6: 连携伤34.5 | E6: 意志71 | F6: 敏捷47 | G6: 连携伤38.0 | H6: 意志78 | I6: 敏捷51 | J6: 连携伤41.4 | K6: 意志84 | L6: 敏捷55 | M6: 连携伤44.9
A7: 应龙护手 | B7: 敏捷65 | C7: 智识43 | D7: 连携伤34.5 | E7: 敏捷71 | F7: 智识47 | G7: 连携伤38.0 | H7: 敏捷78 | I7: 智识51 | J7: 连携伤41.4 | K7: 敏捷84 | L7: 智识55 | M7: 连携伤44.9
A8: 碾骨腕带一 | B8: 敏捷65 | C8: 力量43 | D8: 冰电伤19.2 | E8: 敏捷71 | F8: 力量47 | G8: 冰电伤21.1 | H8: 敏捷78 | I8: 力量51 | J8: 冰电伤23.0 | K8: 敏捷84 | L8: 力量55 | M8: 冰电伤24.9
A9: 碾骨腕带 | B9: 力量65 | C9: 敏捷43 | D9: 灼自伤19.2 | E9: 力量71 | F9: 敏捷47 | G9: 灼自伤21.1 | H9: 力量78 | I9: 敏捷51 | J9: 灼自伤23.0 | K9: 力量84 | L9: 敏捷55 | M9: 灼自伤24.9
A10: 碾骨手套 | B10: 意志65 | C10: 敏捷43 | D10: 冰电伤19.2 | E10: 意志71 | F10: 敏捷47 | G10: 冰电伤21.1 | H10: 意志78 | I10: 敏捷51 | J10: 冰电伤23.0 | K10: 意志84 | L10: 敏捷55 | M10: 冰电伤24.9
A11: 潮涌手甲 | B11: 力量65 | C11: 意志43 | D11: 冰电伤19.2 | E11: 力量71 | F11: 意志47 | G11: 冰电伤21.1 | H11: 力量78 | I11: 意志51 | J11: 冰电伤23.0 | K11: 力量84 | L11: 意志55 | M11: 冰电伤24.9
A12: 清波手甲 | B12: 敏捷65 | C12: 力量43 | D12: 全技伤23.0 | E12: 敏捷71 | F12: 力量47 | G12: 全技伤25.3 | H12: 敏捷78 | I12: 力量51 | J12: 全技伤27.6 | K12: 敏捷84 | L12: 力量55 | M12: 全技伤29.9
A13: 清波护手 | B13: 智识65 | C13: 意志43 | D13: 充能20.5 | E13: 智识71 | F13: 意志47 | G13: 充能22.6 | H13: 智识78 | I13: 意志51 | J13: 充能24.6 | K13: 智识84 | L13: 意志55 | M13: 充能26.7
... A31: 长息护手 | B31: 智识65 | C31: 力量43 | D31: 充能20.5 | E31: 智识71 | F31: 力量47 | G31: 充能22.6 | H31: 智识78 | I31: 力量51 | J31: 充能24.6 | K31: 智识84 | L31: 力量55 | M31: 充能26.7
A32: 纾难护手 | B32: 敏捷86 | D32: 终结技45.0 | E32: 敏捷94 | G32: 终结技49.5 | H32: 敏捷103 | J32: 终结技54.0 | K32: 敏捷111 | M32: 终结技58.5
A33: 纾难手套 | B33: 力量86 | D33: 全技伤24.0 | E33: 力量94 | G33: 全技伤26.4 | H33: 力量103 | J33: 全技伤28.8 | K33: 力量111 | M33: 全技伤31.2

Sheet 配件库
A1: 精锻等级 | B1: 0 | E1: 1 | H1: 2 | K1: 3
A2: 名称 | B2: 词条1 | C2: 词条2 | D2: 词条3 | E2: 词条1 | F2: 词条2 | G2: 词条3 | H2: 词条1 | I2: 词条2 | J2: 词条3 | K2: 词条1 | L2: 词条2 | M2: 词条3
A3: 拓荒增量供氧栓 | B3: 敏捷32 | C3: 智识21 | D3: 副能力20.7 | E3: 敏捷35 | F3: 智识23 | G3: 副能力22.8 | H3: 敏捷38 | I3: 智识25 | J3: 副能力24.8 | K3: 敏捷41 | L3: 智识27 | M3: 副能力26.9
A4: 拓荒增量供氧栓一 | B4: 智识32 | C4: 敏捷21 | D4: 副能力20.7 | E4: 智识35 | F4: 敏捷23 | G4: 副能力22.8 | H4: 智识38 | I4: 敏捷25 | J4: 副能力24.8 | K4: 智识41 | L4: 敏捷27 | M4: 副能力26.9
A5: 拓荒通信器一 | B5: 力量32 | C5: 智识21 | D5: 冰电伤23.0 | E5: 力量35 | F5: 智识23 | G5: 冰电伤25.3 | H5: 力量38 | I5: 智识25 | J5: 冰电伤27.6 | K5: 力量41 | L5: 智识27 | M5: 冰电伤29.9
A6: 拓荒通信器 | B6: 力量32 | C6: 敏捷21 | D6: 连携伤41.4 | E6: 力量35 | F6: 敏捷23 | G6: 连携伤45.5 | H6: 力量38 | I6: 敏捷25 | J6: 连携伤49.7 | K6: 力量41 | L6: 敏捷27 | M6: 连携伤53.8
A7: 拓荒分析仪 | B7: 力量41 | D7: 终结技51.7 | E7: 力量45 | G7: 终结技56.9 | H7: 力量49 | J7: 终结技62.1 | K7: 力量53 | M7: 终结技67.3
A8: 拓荒供氧栓 | B8: 意志41 | D8: 物伤23.0 | E8: 意志45 | G8: 物伤25.3 | H8: 意志49 | J8: 物伤27.6 | K8: 意志53 | M8: 物伤29.9
A9: 应龙短刃 | B9: 意志32 | C9: 敏捷21 | D9: 连携伤41.4 | E9: 意志35 | F9: 敏捷23 | G9: 连携伤45.5 | H9: 意志38 | I9: 敏捷25 | J9: 连携伤49.7 | K9: 意志41 | L9: 敏捷27 | M9: 连携伤53.8
A10: 应龙短刃一 | B10: 智识32 | C10: 力量21 | D10: 全技伤27.6 | E10: 智识35 | F10: 力量23 | G10: 全技伤30.4 | H10: 智识38 | I10: 力量25 | J10: 全技伤33.1 | K10: 智识41 | L10: 力量27 | M10: 全技伤35.9
A11: 应龙雷达 | B11: 力量32 | C11: 意志21 | D11: 物伤23.0 | E11: 力量35 | F11: 意志23 | G11: 物伤25.3 | H11: 力量38 | I11: 意志25 | J11: 物伤27.6 | K11: 力量41 | L11: 意志27 | M11: 物伤29.9
A12: 应龙雷达一 | B12: 敏捷32 | C12: 力量21 | D12: 终结技51.7 | E12: 敏捷35 | F12: 力量23 | G12: 终结技56.9 | H12: 敏捷38 | I12: 力量25 | J12: 终结技62.1 | K12: 敏捷41 | L12: 力量27 | M12: 终结技67.3
A13: 应龙雷达二 | B13: 敏捷32 | C13: 智识21 | D13: 连携伤41.4 | E13: 敏捷35 | F13: 智识23 | G13: 连携伤45.5 | H13: 敏捷38 | I13: 智识25 | J13: 连携伤49.7 | K13: 敏捷41 | L13: 智识27 | M13: 连携伤53.8
A14: 碾骨小雕像 | B14: 意志32 | C14: 敏捷21 | D14: 战技41.4 | E14: 意志35 | F14: 敏捷23 | G14: 战技45.5 | H14: 意志38 | I14: 敏捷25 | J14: 战技49.7 | K14: 意志41 | L14: 敏捷27 | M14: 战技53.8
A15: 碾骨小雕像一 | B15: 意志32 | C15: 智识21 | D15: 连携伤41.4 | E15: 意志35 | F15: 智识23 | G15: 连携伤45.5 | H15: 意志38 | I15: 智识25 | J15: 连携伤49.7 | K15: 意志41 | L15: 智识27 | M15: 连携伤53.8
A16: 碾骨小雕像二 | B16: 意志32 | C16: 智识21 | D16: 战技41.4 | E16: 意志35 | F16: 智识23 | G16: 战技45.5 | H16: 意志38 | I16: 智识25 | J16: 战技49.7 | K16: 意志41 | L16: 智识27 | M16: 战技53.8
A17: 碾骨面具 | B17: 敏捷32 | C17: 力量21 | D17: 失衡伤41.4 | E17: 敏捷35 | F17: 力量23 | G17: 失衡伤45.5 | H17: 敏捷38 | I17: 力量25 | J17: 失衡伤49.7 | K17: 敏捷41 | L17: 力量27 | M17: 失衡伤53.8
A18: 碾骨面具一 | B18: 敏捷32 | C18: 力量21 | D18: 暴击10.3 | E18: 敏捷35 | F18: 力量23 | G18: 暴击11.4 | H18: 敏捷38 | I18: 力量25 | J18: 暴击12.4 | K18: 敏捷41 | L18: 力量27 | M18: 暴击13.5
A19: 碾骨面具二 | B19: 敏捷32 | C19: 力量21 | D19: 战技41.4 | E19: 敏捷35 | F19: 力量23 | G19: 战技45.5 | H19: 敏捷38 | I19: 力量25 | J19: 战技49.7 | K19: 敏捷41 | L19: 力量27 | M19: 战技53.8
A20: 潮涌浊流切割炬 | B20: 智识32 | C20: 力量21 | D20: 普攻27.6 | E20: 智识35 | F20: 力量23 | G20: 普攻30.4 | H20: 智识38 | I20: 力量25 | J20: 普攻33.1 | K20: 智识41 | L20: 力量27 | M20: 普攻35.9
... A32: 动火用储能匣 | B32: 力量32 | C32: 敏捷21 | D32: 技艺41 | E32: 力量35 | F32: 敏捷23 | G32: 技艺45 | H32: 力量38 | I32: 敏捷25 | J32: 技艺49 | K32: 力量41 | L32: 敏捷27 | M32: 技艺53
A33: 动火用测温镜 | B33: 智识41 | D33: 战技41.4 | E33: 智识45 | G33: 战技45.5 | H33: 智识49 | J33: 战技49.7 | K33: 智识53 | M33: 战技53.8
A34: 动火用电力匣 | B34: 意志32 | C34: 智识21 | D34: 技艺41 | E34: 意志35 | F34: 智识23 | G34: 技艺45 | H34: 意志38 | I34: 智识25 | J34: 技艺49 | K34: 意志41 | L34: 智识27 | M34: 技艺53
A35: 生物辅助接驳器 | B35: 力量32 | C35: 意志21 | D35: 全减17.1 | E35: 力量35 | F35: 意志23 | G35: 全减18.5 | H35: 力量38 | I35: 意志25 | J35: 全减19.9 | K35: 力量41 | L35: 意志27 | M35: 全减21.2
A36: 生物辅助护盾针 | B36: 意志41 | D36: 治疗20.7 | E36: 意志45 | G36: 治疗22.8 | H36: 意志49 | J36: 治疗24.8 | K36: 意志53 | M36: 治疗26.9
A37: 生物辅助护板 | B37: 意志32 | C37: 智识21 | D37: 主能力20.7 | E37: 意志35 | F37: 智识23 | G37: 主能力22.8 | H37: 意志38 | I37: 智识25 | J37: 主能力24.8 | K37: 意志41 | L37: 智识27 | M37: 主能力26.9
A38: 生物辅助接驳器一 | B38: 力量32 | C38: 意志21 | D38: 生命41.4 | E38: 力量35 | F38: 意志23 | G38: 生命45.5 | H38: 力量38 | I38: 意志25 | J38: 生命49.7 | K38: 力量41 | L38: 意志27 | M38: 生命53.8
A39: 生物辅助接驳器二 | B39: 力量41 | D39: 生命41.4 | E39: 力量45 | G39: 生命45.5 | H39: 力量49 | J39: 生命49.7 | K39: 力量53 | M39: 生命53.8
A40: 点剑定位信标 | B40: 力量41 | D40: 技艺41 | E40: 力量45 | G40: 技艺45 | H40: 力量49 | J40: 技艺49 | K40: 力量53 | M40: 技艺53
A41: 点剑微型滤芯 | B41: 力量32 | C41: 意志21 | D41: 物伤23.0 | E41: 力量35 | F41: 意志23 | G41: 物伤25.3 | H41: 力量38 | I41: 意志25 | J41: 物伤27.6 | K41: 力量41 | L41: 意志27 | M41: 物伤29.9
A42: 点剑火石 | B42: 敏捷32 | C42: 力量21 | D42: 物伤23.0 | E42: 敏捷35 | F42: 力量23 | G42: 物伤25.3 | H42: 敏捷38 | I42: 力量25 | J42: 物伤27.6 | K42: 敏捷41 | L42: 力量27 | M42: 物伤29.9
A43: 点剑短刃 | B43: 敏捷32 | C43: 力量21 | D43: 终结技51.7 | E43: 敏捷35 | F43: 力量23 | G43: 终结技56.9 | H43: 敏捷38 | I43: 力量25 | J43: 终结技62.1 | K43: 敏捷41 | L43: 力量27 | M43: 终结技67.3
A44: 轻超域腕表 | B44: 力量32 | C44: 敏捷21 | D44: 战技41.4 | E44: 力量35 | F44: 敏捷23 | G44: 战技45.5 | H44: 力量38 | I44: 敏捷25 | J44: 战技49.7 | K44: 力量41 | L44: 敏捷27 | M44: 战技53.8
A45: 轻超域稳定盘一 | B45: 敏捷32 | C45: 力量21 | D45: 物伤23.0 | E45: 敏捷35 | F45: 力量23 | G45: 物伤25.3 | H45: 敏捷38 | I45: 力量25 | J45: 物伤27.6 | K45: 敏捷41 | L45: 力量27 | M45: 物伤29.9
A46: 轻超域分析环 | B46: 力量32 | C46: 意志21 | D46: 物伤23.0 | E46: 力量35 | F46: 意志23 | G46: 物伤25.3 | H46: 力量38 | I46: 意志25 | J46: 物伤27.6 | K46: 力量41 | L46: 意志27 | M46: 物伤29.9
A47: 轻超域稳定盘 | B47: 敏捷32 | C47: 力量21 | D47: 技艺41 | E47: 敏捷35 | F47: 力量23 | G47: 技艺45 | H47: 敏捷38 | I47: 力量25 | J47: 技艺49 | K47: 敏捷41 | L47: 力量27 | M47: 技艺53
A48: 脉冲式侵入核 | B48: 意志41 | D48: 终结技51.7 | E48: 意志45 | G48: 终结技56.9 | H48: 意志49 | J48: 终结技62.1 | K48: 意志53 | M48: 终结技67.3
A49: 脉冲式校准器 | B49: 智识41 | D49: 技艺41 | E49: 智识45 | G49: 技艺45 | H49: 智识49 | J49: 技艺49 | K49: 智识53 | M49: 技艺53
A50: 脉冲式探针 | B50: 智识32 | C50: 敏捷21 | D50: 技艺41 | E50: 智识35 | F50: 敏捷23 | G50: 技艺45 | H50: 智识38 | I50: 敏捷25 | J50: 技艺49 | K50: 智识41 | L50: 敏捷27 | M50: 技艺53
A51: 长息辅助臂 | B51: 意志32 | C51: 智识21 | D51: 充能24.6 | E51: 意志35 | F51: 智识23 | G51: 充能27.1 | H51: 意志38 | I51: 智识25 | J51: 充能29.6 | K51: 意志41 | L51: 智识27 | M51: 充能32.0
A52: 长息蓄电核一 | B52: 智识32 | C52: 意志21 | D52: 治疗20.7 | E52: 智识35 | F52: 意志23 | G52: 治疗22.8 | H52: 智识38 | I52: 意志25 | J52: 治疗24.8 | K52: 智识41 | L52: 意志27 | M52: 治疗26.9
A53: 长息蓄电核 | B53: 智识32 | C53: 力量21 | D53: 充能24.6 | E53: 智识35 | F53: 力量23 | G53: 充能27.1 | H53: 智识38 | I53: 力量25 | J53: 充能29.6 | K53: 智识41 | L53: 力量27 | M53: 充能32.0
A54: 纾难印章 | B54: 智识43 | D54: 充能25.7 | E54: 智识47 | G54: 充能28.3 | H54: 智识51 | J54: 充能30.9 | K54: 智识55 | M54: 充能33.4
A55: 纾难印章一 | B55: 意志43 | D55: 暴击10.8 | E55: 意志47 | G55: 暴击11.9 | H55: 意志51 | J55: 暴击13.0 | K55: 意志55 | M55: 暴击14.0
A56: 纾难识别牌 | B56: 力量43 | D56: 全减17.8 | E56: 力量47 | G56: 全减19.2 | H56: 力量51 | J56: 全减20.6 | K56: 力量55 | M56: 全减21.9
A57: 纾难识别牌一 | B57: 敏捷43 | D57: 连携伤43.2 | E57: 敏捷47 | G57: 连携伤47.5 | H57: 敏捷51 | J57: 连携伤51.8 | K57: 敏捷55 | M57: 连携伤56.2

Sheet 套装效果库
A2: 拓荒 | B2: 连携技冷却缩减+15。装备者通过技能恢复技力后，全队造成的伤害+16%，持续15秒，该效果无法叠加。
A3: 应龙 | B3: 攻击力15。当小队内任意干员施放战技时，装备者获得一层应龙之锐，使得该干员下一次连携技伤害+20%，应龙之锐最多叠加3层
A4: 碾骨 | B4: 攻击力15。当装备者施放连携技时，获得一层碾骨重压，下一次的战技伤害+30%，碾骨重压最多可叠加2层。
A5: 潮涌 | B5: 全技伤20。装备者使敌人达到2层及以上法术附着后，造成的法术伤害+35%，持续15秒，该效果无法叠加。
A6: 清波 | B6: 连携技冷却缩减+15。当装备者施放连携技时，所有技能伤害+20.0%，持续15秒。该效果最多叠加2层，每层单独计算持续时间。
A7: 警用 | B7: 暴击05。当触发暴击后，5秒内+5%攻击力，该效果最多叠加5层。层数叠满后，额外+5%暴击率，该效果无法叠加。
A8: 壤流 | B8: 攻击力10。装备者每次消耗法术异常，根据异常等级获得相同层数的强化状态，每层使自身法术伤害+15%，持续25秒。强化状态最多存在3层，每层单独计算持续时间。
A9: 动火 | B9: 源石技艺30。当装备者施加燃烧后，灼热+伤害+50%，持续10秒，该效果无法叠加；当装备者施加腐蚀后，自然伤害+50%，持续10秒，该效果无法叠加。
A10: 生物 | B10: 治疗效率20。当装备者治疗我方目标后，使该目标在10秒内受到的所有类型伤害-15%；如果该目标受到的治疗量溢出，则受到的所有类型伤害-30%。上述效果无法叠加。
A11: 点剑 | B11: 失衡效率20。当装备者造成物理异常后，额外造成一次250%攻击力的物理伤害[10点失衡值]。该效果每15秒最多触发一次。
A12: 轻超 | B12: 攻击力+8。装备者施加破防后，物理伤害+8%，持续15秒，最多可叠加4层。若使目标达到4层破防，物理伤害额外+16%，持续10秒，该效果无法叠加。
A13: 脉冲 | B13: 源石技艺+30。当装备者施加导电后，电磁伤害+50%，持续10秒，该效果无法叠加；当装备者施加冻结后，寒冷伤害+50%，持续10秒，该效果无法叠加。
A14: 长息 | B14: 生命值+1000。装备者施加增幅、庇护、脆弱、虚弱后，使其他队友造成的伤害+16%，持续15秒。该效果无法叠加。

Sheet 计算器
N2: 热启动爆发轴 | P2: 冲能轴 | Q2: 爆发轴
C20: =SUM(C27:C35) -> 227228.53
C22: =SUM(C32:C33) -> 63101.732
A24: 列1 | B24: 列2 | C24: 列3 | D24: 列4 | E24: 列5 | F24: buff图标 | G24: 列6 | H24: 列7 | I24: 列8 | J24: 列9 | K24: 列10 | L24: 列11 | M24: 列12 | N24: 列13 | O24: 列14 | P24: 列15 | Q24: 列16 | R24: 列17 | S24: 列18 | T24: 列19 | U24: 攻击计算器 | V24: 列20 | W24: 列21 | X24: 列22 | Y24: 列23 | Z24: 面板乘区 | AA24: 列24 | AB24: 列25 | AC24: 列26 | AD24: 伤害加成 | AE24: 列27 | AF24: 列28 | AG24: 列29 | AH24: 列30 | AI24: 列31 | AJ24: 拐 | AK24: 列32 | AL24: 列33 | AM24: 列34 | AN24: 列35 | AO24: 列36 | AP24: 列37 | AQ24: 敌人乘区 | AR24: 列38 | AS24: 列39
A25: 技能名称 | B25: 不暴击伤害 | C25: 暴击期望伤害 | D25: 暴击伤害 | E25: 伤害占比 | F25: 失衡 | G25: 增益2 | H25: 增益3 | I25: 增益4 | J25: 增益5 | K25: 增益6 | L25: 增益7 | M25: 增益8 | N25: 增益9 | O25: 增益10 | P25: 增益11 | Q25: 增益12 | R25: 增益13 | S25: 增益14 | T25: 增益15 | U25: 基础攻击力 | V25: 百分比 | W25: 固定数值 | X25: 能力值加成 | Y25: 即时攻击力 | Z25: 倍率 | AA25: 暴击率 | AB25: 暴击伤害 | AC25: 源石技艺 | AD25: 基础伤害加成 | AE25: 普攻 | AF25: 战技 | AG25: 连携 | AH25: 大招 | AI25: 总伤害加成 | AJ25: 脆弱 | AK25: 增幅 | AL25: 易伤 | AM25: 抗性 | AN25: 连击 | AO25: 失衡易伤 | AP25: 特殊加成 | AQ25: 防御区 | AR25: 各属性抗性区在开发 | AS25: 敌人减伤区
A27: 伊冯重击普攻 | B27: =PRODUCT(Y27:Z27,AC27,AI27:AS27) -> 2986.9812 | C27: =B27*(1+表2_5[[#This Row],[列24]]*(表2_5[[#This Row],[列25]]-1)) -> 3061.6557 | D27: =PRODUCT(Y27:Z27,AB27:AC27,AI27:AS27) -> 4480.4718 | E27: =表2_5[[#This Row],[列3]]/$C$61 -> 0.011141695 | F27: 否 | U27: =IFERROR(VLOOKUP($A27,$A$86:$X$1000,MATCH(U$25,$A$87:$J$87,0), FALSE), 0) * (LEN($A27) > 0) -> 826 | V27: {=IFERROR(VLOOKUP($A27,$A$86:$X$1000,MATCH(V$25,$A$87:$J$87,0), FALSE), 0) * (LEN($A27) > 0)+SUMPRODUCT( IFERROR(VLOOKUP($G27:$T27, $B$87:$X$1000,MATCH(V$25,$B$87:$X$87,0), FALSE), 0) * (LEN($G27:$T27) > 0) )} -> 0 | W27: =IFERROR(VLOOKUP($A27,$A$86:$X$1000,MATCH(W$25,$A$87:$J$87,0), FALSE), 0) * (LEN($A27) > 0) -> 0 | X27: =IFERROR(VLOOKUP($A27,$A$86:$X$1000,MATCH(X$25,$A$87:$J$87,0), FALSE), 0) * (LEN($A27) > 0) -> 4.74 | Y27: =(U27*(1+V27)+W27)*(1+X27) -> 4741.24 | Z27: =IFERROR(VLOOKUP($A27,$A$86:$X$1000,MATCH(Z$25,$A$87:$J$87,0), FALSE), 0) * (LEN($A27) > 0) -> 1.26 | AA27: {=IFERROR(VLOOKUP($A27,$A$86:$X$1000,MATCH(AA$25,$A$87:$J$87,0), FALSE), 0) * (LEN($A27) > 0)+SUMPRODUCT( IFERROR(VLOOKUP($G27:$T27, $B$87:$X$1000,MATCH(AA$25,$B$87:$X$87,0), FALSE), 0) * (LEN($G27:$T27) > 0) )} -> 0.05 | AB27: {=1+SUMPRODUCT( IFERROR(VLOOKUP($G27:$T27, $B$87:$X$1000,MATCH(AB$25,$B$87:$X$87,0), FALSE), 0) * (LEN($G27:$T27) > 0) )+IFERROR(VLOOKUP($A27,$A$87:$X$1000,MATCH(AB$25,$A$87:$J$87,0), FALSE), 0) * (LEN($A27) > 0)} -> 1.5 | AC27: {=1+SUMPRODUCT( IFERROR(VLOOKUP($G27:$T27, $B$87:$X$1000,MATCH(AC$25,$B$87:$X$87,0), FALSE), 0) * (LEN($G27:$T27) > 0) )} -> 1 | AD27: {=SUMPRODUCT( IFERROR(VLOOKUP($G27:$T27, $B$87:$X$1000,MATCH(AD$25,$B$87:$X$87,0), FALSE), 0) * (LEN($G27:$T27) > 0) )+IFERROR(VLOOKUP($A27,$A$88:$X$1000,MATCH(AD$25,$A$87:$X$87,0), FALSE), 0) * (LEN($A27) > 0)} -> 0 | AE27: {=SUMPRODUCT( IFERROR(VLOOKUP($G27:$T27, $B$87:$X$1000,MATCH(AE$25,$B$87:$X$87,0), FALSE), 0) * (LEN($G27:$T27) > 0) )+IFERROR(VLOOKUP($A27,$A$88:$X$1000,MATCH(AE$25,$A$87:$X$87,0), FALSE), 0) * (LEN($A27) > 0)} -> 0 | AF27: {=SUMPRODUCT( IFERROR(VLOOKUP($G27:$T27, $B$87:$X$1000,MATCH(AF$25,$B$87:$X$87,0), FALSE), 0) * (LEN($G27:$T27) > 0) )+IFERROR(VLOOKUP($A27,$A$88:$X$1000,MATCH(AF$25,$A$87:$X$87,0), FALSE), 0) * (LEN($A27) > 0)} -> 0 | AG27: {=SUMPRODUCT( IFERROR(VLOOKUP($G27:$T27, $B$87:$X$1000,MATCH(AG$25,$B$87:$X$87,0), FALSE), 0) * (LEN($G27:$T27) > 0) )+IFERROR(VLOOKUP($A27,$A$88:$X$1000,MATCH(AG$25,$A$87:$X$87,0), FALSE), 0) * (LEN($A27) > 0)} -> 0 | AH27: {=SUMPRODUCT( IFERROR(VLOOKUP($G27:$T27, $B$87:$X$1000,MATCH(AH$25,$B$87:$X$87,0), FALSE), 0) * (LEN($G27:$T27) > 0) )+IFERROR(VLOOKUP($A27,$A$88:$X$1000,MATCH(AH$25,$A$87:$X$87,0), FALSE), 0) * (LEN($A27) > 0)} -> 0 | AI27: =1 + AD27 + IF( LEN($A27) > 0, IFERROR( HLOOKUP(RIGHT($A27,2), $AE$25:$AH$80, ROW()-ROW($AE$25) + 1, FALSE), 0 ), 0 ) -> 1 | AJ27: {=1+SUMPRODUCT( IFERROR(VLOOKUP($G27:$T27, $B$87:$X$1000,MATCH(AJ$25,$B$87:$X$87,0), FALSE), 0) * (LEN($G27:$T27) > 0) )} -> 1 | AK27: {=1+SUMPRODUCT( IFERROR(VLOOKUP($G27:$T27, $B$87:$X$1000,MATCH(AK$25,$B$87:$X$87,0), FALSE), 0) * (LEN($G27:$T27) > 0) )} -> 1 | AL27: {=1+SUMPRODUCT( IFERROR(VLOOKUP($G27:$T27, $B$87:$X$1000,MATCH(AL$25,$B$87:$X$87,0), FALSE), 0) * (LEN($G27:$T27) > 0) )} -> 1 | AM27: {=1+SUMPRODUCT( IFERROR(VLOOKUP($G27:$T27, $B$87:$X$1000,MATCH(AM$25,$B$87:$X$87,0), FALSE), 0) * (LEN($G27:$T27) > 0) )} -> 1 | AN27: {=1+SUMPRODUCT( IFERROR(VLOOKUP($G27:$T27, $B$87:$X$1000,MATCH(AN$25,$B$87:$X$87,0), FALSE), 0) * (LEN($G27:$T27) > 0) )} -> 1 | AO27: =IF($F27="是",1.3,1) -> 1 | AQ27: =0.5 -> 0.5
A28: 伊冯普攻 | B28: =PRODUCT(Y28:Z28,AC28,AI28:AS28) -> 9435.0676 | C28: =B28*(1+表2_5[[#This Row],[列24]]*(表2_5[[#This Row],[列25]]-1)) -> 9670.9443 | D28: =PRODUCT(Y28:Z28,AB28:AC28,AI28:AS28) -> 14152.601 | E28: =表2_5[[#This Row],[列3]]/$C$61 -> 0.035193607 | F28: 否 | U28: =IFERROR(VLOOKUP($A28,$A$86:$X$1000,MATCH(U$25,$A$87:$J$87,0), FALSE), 0) * (LEN($A28) > 0) -> 826 | V28: {=IFERROR(VLOOKUP($A28,$A$86:$X$1000,MATCH(V$25,$A$87:$J$87,0), FALSE), 0) * (LEN($A28) > 0)+SUMPRODUCT( IFERROR(VLOOKUP($G28:$T28, $B$87:$X$1000,MATCH(V$25,$B$87:$X$87,0), FALSE), 0) * (LEN($G28:$T28) > 0) )} -> 0 | W28: =IFERROR(VLOOKUP($A28,$A$86:$X$1000,MATCH(W$25,$A$87:$J$87,0), FALSE), 0) * (LEN($A28) > 0) -> 0 | X28: =IFERROR(VLOOKUP($A28,$A$86:$X$1000,MATCH(X$25,$A$87:$J$87,0), FALSE), 0) * (LEN($A28) > 0) -> 4.74 | Y28: =(U28*(1+V28)+W28)*(1+X28) -> 4741.24 | Z28: =IFERROR(VLOOKUP($A28,$A$86:$X$1000,MATCH(Z$25,$A$87:$J$87,0), FALSE), 0) * (LEN($A28) > 0) -> 3.98 | AA28: {=IFERROR(VLOOKUP($A28,$A$86:$X$1000,MATCH(AA$25,$A$87:$J$87,0), FALSE), 0) * (LEN($A28) > 0)+SUMPRODUCT( IFERROR(VLOOKUP($G28:$T28, $B$87:$X$1000,MATCH(AA$25,$B$87:$X$87,0), FALSE), 0) * (LEN($G28:$T28) > 0) )} -> 0.05 | AB28: {=1+SUMPRODUCT( IFERROR(VLOOKUP($G28:$T28, $B$87:$X$1000,MATCH(AB$25,$B$87:$X$87,0), FALSE), 0) * (LEN($G28:$T28) > 0) )+IFERROR(VLOOKUP($A28,$A$87:$X$1000,MATCH(AB$25,$A$87:$J$87,0), FALSE), 0) * (LEN($A28) > 0)} -> 1.5 | AC28: {=1+SUMPRODUCT( IFERROR(VLOOKUP($G28:$T28, $B$87:$X$1000,MATCH(AC$25,$B$87:$X$87,0), FALSE), 0) * (LEN($G28:$T28) > 0) )} -> 1 | AD28: {=SUMPRODUCT( IFERROR(VLOOKUP($G28:$T28, $B$87:$X$1000,MATCH(AD$25,$B$87:$X$87,0), FALSE), 0) * (LEN($G28:$T28) > 0) )+IFERROR(VLOOKUP($A28,$A$88:$X$1000,MATCH(AD$25,$A$87:$X$87,0), FALSE), 0) * (LEN($A28) > 0)} -> 0 | AE28: {=SUMPRODUCT( IFERROR(VLOOKUP($G28:$T28, $B$87:$X$1000,MATCH(AE$25,$B$87:$X$87,0), FALSE), 0) * (LEN($G28:$T28) > 0) )+IFERROR(VLOOKUP($A28,$A$88:$X$1000,MATCH(AE$25,$A$87:$X$87,0), FALSE), 0) * (LEN($A28) > 0)} -> 0 | AF28: {=SUMPRODUCT( IFERROR(VLOOKUP($G28:$T28, $B$87:$X$1000,MATCH(AF$25,$B$87:$X$87,0), FALSE), 0) * (LEN($G28:$T28) > 0) )+IFERROR(VLOOKUP($A28,$A$88:$X$1000,MATCH(AF$25,$A$87:$X$87,0), FALSE), 0) * (LEN($A28) > 0)} -> 0 | AG28: {=SUMPRODUCT( IFERROR(VLOOKUP($G28:$T28, $B$87:$X$1000,MATCH(AG$25,$B$87:$X$87,0), FALSE), 0) * (LEN($G28:$T28) > 0) )+IFERROR(VLOOKUP($A28,$A$88:$X$1000,MATCH(AG$25,$A$87:$X$87,0), FALSE), 0) * (LEN($A28) > 0)} -> 0 | AH28: {=SUMPRODUCT( IFERROR(VLOOKUP($G28:$T28, $B$87:$X$1000,MATCH(AH$25,$B$87:$X$87,0), FALSE), 0) * (LEN($G28:$T28) > 0) )+IFERROR(VLOOKUP($A28,$A$88:$X$1000,MATCH(AH$25,$A$87:$X$87,0), FALSE), 0) * (LEN($A28) > 0)} -> 0 | AI28: =1 + AD28 + IF( LEN($A28) > 0, IFERROR( HLOOKUP(RIGHT($A28,2), $AE$25:$AH$80, ROW()-ROW($AE$25) + 1, FALSE), 0 ), 0 ) -> 1 | AJ28: {=1+SUMPRODUCT( IFERROR(VLOOKUP($G28:$T28, $B$87:$X$1000,MATCH(AJ$25,$B$87:$X$87,0), FALSE), 0) * (LEN($G28:$T28) > 0) )} -> 1 | AK28: {=1+SUMPRODUCT( IFERROR(VLOOKUP($G28:$T28, $B$87:$X$1000,MATCH(AK$25,$B$87:$X$87,0), FALSE), 0) * (LEN($G28:$T28) > 0) )} -> 1 | AL28: {=1+SUMPRODUCT( IFERROR(VLOOKUP($G28:$T28, $B$87:$X$1000,MATCH(AL$25,$B$87:$X$87,0), FALSE), 0) * (LEN($G28:$T28) > 0) )} -> 1 | AM28: {=1+SUMPRODUCT( IFERROR(VLOOKUP($G28:$T28, $B$87:$X$1000,MATCH(AM$25,$B$87:$X$87,0), FALSE), 0) * (LEN($G28:$T28) > 0) )} -> 1 | AN28: {=1+SUMPRODUCT( IFERROR(VLOOKUP($G28:$T28, $B$87:$X$1000,MATCH(AN$25,$B$87:$X$87,0), FALSE), 0) * (LEN($G28:$T28) > 0) )} -> 1 | AO28: =IF($F28="是",1.3,1) -> 1 | AQ28: =0.5 -> 0.5
A29: 伊冯战技零冰 | B29: =PRODUCT(Y29:Z29,AC29,AI29:AS29) -> 5926.55 | C29: =B29*(1+表2_5[[#This Row],[列24]]*(表2_5[[#This Row],[列25]]-1)) -> 6074.7137 | D29: =PRODUCT(Y29:Z29,AB29:AC29,AI29:AS29) -> 8889.825 | E29: =表2_5[[#This Row],[列3]]/$C$61 -> 0.022106537 | F29: 否 | U29: =IFERROR(VLOOKUP($A29,$A$86:$X$1000,MATCH(U$25,$A$87:$J$87,0), FALSE), 0) * (LEN($A29) > 0) -> 826 | V29: {=IFERROR(VLOOKUP($A29,$A$86:$X$1000,MATCH(V$25,$A$87:$J$87,0), FALSE), 0) * (LEN($A29) > 0)+SUMPRODUCT( IFERROR(VLOOKUP($G29:$T29, $B$87:$X$1000,MATCH(V$25,$B$87:$X$87,0), FALSE), 0) * (LEN($G29:$T29) > 0) )} -> 0 | W29: =IFERROR(VLOOKUP($A29,$A$86:$X$1000,MATCH(W$25,$A$87:$J$87,0), FALSE), 0) * (LEN($A29) > 0) -> 0 | X29: =IFERROR(VLOOKUP($A29,$A$86:$X$1000,MATCH(X$25,$A$87:$J$87,0), FALSE), 0) * (LEN($A29) > 0) -> 4.74 | Y29: =(U29*(1+V29)+W29)*(1+X29) -> 4741.24 | Z29: =IFERROR(VLOOKUP($A29,$A$86:$X$1000,MATCH(Z$25,$A$87:$J$87,0), FALSE), 0) * (LEN($A29) > 0) -> 2.5 | AA29: {=IFERROR(VLOOKUP($A29,$A$86:$X$1000,MATCH(AA$25,$A$87:$J$87,0), FALSE), 0) * (LEN($A29) > 0)+SUMPRODUCT( IFERROR(VLOOKUP($G29:$T29, $B$87:$X$1000,MATCH(AA$25,$B$87:$X$87,0), FALSE), 0) * (LEN($G29:$T29) > 0) )} -> 0.05 | AB29: {=1+SUMPRODUCT( IFERROR(VLOOKUP($G29:$T29, $B$87:$X$1000,MATCH(AB$25,$B$87:$X$87,0), FALSE), 0) * (LEN($G29:$T29) > 0) )+IFERROR(VLOOKUP($A29,$A$87:$X$1000,MATCH(AB$25,$A$87:$J$87,0), FALSE), 0) * (LEN($A29) > 0)} -> 1.5 | AC29: {=1+SUMPRODUCT( IFERROR(VLOOKUP($G29:$T29, $B$87:$X$1000,MATCH(AC$25,$B$87:$X$87,0), FALSE), 0) * (LEN($G29:$T29) > 0) )} -> 1 | AD29: {=SUMPRODUCT( IFERROR(VLOOKUP($G29:$T29, $B$87:$X$1000,MATCH(AD$25,$B$87:$X$87,0), FALSE), 0) * (LEN($G29:$T29) > 0) )+IFERROR(VLOOKUP($A29,$A$88:$X$1000,MATCH(AD$25,$A$87:$X$87,0), FALSE), 0) * (LEN($A29) > 0)} -> 0 | AE29: {=SUMPRODUCT( IFERROR(VLOOKUP($G29:$T29, $B$87:$X$1000,MATCH(AE$25,$B$87:$X$87,0), FALSE), 0) * (LEN($G29:$T29) > 0) )+IFERROR(VLOOKUP($A29,$A$88:$X$1000,MATCH(AE$25,$A$87:$X$87,0), FALSE), 0) * (LEN($A29) > 0)} -> 0 | AF29: {=SUMPRODUCT( IFERROR(VLOOKUP($G29:$T29, $B$87:$X$1000,MATCH(AF$25,$B$87:$X$87,0), FALSE), 0) * (LEN($G29:$T29) > 0) )+IFERROR(VLOOKUP($A29,$A$88:$X$1000,MATCH(AF$25,$A$87:$X$87,0), FALSE), 0) * (LEN($A29) > 0)} -> 0 | AG29: {=SUMPRODUCT( IFERROR(VLOOKUP($G29:$T29, $B$87:$X$1000,MATCH(AG$25,$B$87:$X$87,0), FALSE), 0) * (LEN($G29:$T29) > 0) )+IFERROR(VLOOKUP($A29,$A$88:$X$1000,MATCH(AG$25,$A$87:$X$87,0), FALSE), 0) * (LEN($A29) > 0)} -> 0 | AH29: {=SUMPRODUCT( IFERROR(VLOOKUP($G29:$T29, $B$87:$X$1000,MATCH(AH$25,$B$87:$X$87,0), FALSE), 0) * (LEN($G29:$T29) > 0) )+IFERROR(VLOOKUP($A29,$A$88:$X$1000,MATCH(AH$25,$A$87:$X$87,0), FALSE), 0) * (LEN($A29) > 0)} -> 0 | AI29: =1 + AD29 + IF( LEN($A29) > 0, IFERROR( HLOOKUP(RIGHT($A29,2), $AE$25:$AH$80, ROW()-ROW($AE$25) + 1, FALSE), 0 ), 0 ) -> 1 | AJ29: {=1+SUMPRODUCT( IFERROR(VLOOKUP($G29:$T29, $B$87:$X$1000,MATCH(AJ$25,$B$87:$X$87,0), FALSE), 0) * (LEN($G29:$T29) > 0) )} -> 1 | AK29: {=1+SUMPRODUCT( IFERROR(VLOOKUP($G29:$T29, $B$87:$X$1000,MATCH(AK$25,$B$87:$X$87,0), FALSE), 0) * (LEN($G29:$T29) > 0) )} -> 1 | AL29: {=1+SUMPRODUCT( IFERROR(VLOOKUP($G29:$T29, $B$87:$X$1000,MATCH(AL$25,$B$87:$X$87,0), FALSE), 0) * (LEN($G29:$T29) > 0) )} -> 1 | AM29: {=1+SUMPRODUCT( IFERROR(VLOOKUP($G29:$T29, $B$87:$X$1000,MATCH(AM$25,$B$87:$X$87,0), FALSE), 0) * (LEN($G29:$T29) > 0) )} -> 1 | AN29: {=1+SUMPRODUCT( IFERROR(VLOOKUP($G29:$T29, $B$87:$X$1000,MATCH(AN$25,$B$87:$X$87,0), FALSE), 0) * (LEN($G29:$T29) > 0) )} -> 1 | AO29: =IF($F29="是",1.3,1) -> 1 | AQ29: =0.5 -> 0.5
A30: 伊冯战技一冰 | B30: =PRODUCT(Y30:Z30,AC30,AI30:AS30) -> 14223.72 | C30: =B30*(1+表2_5[[#This Row],[列24]]*(表2_5[[#This Row],[列25]]-1)) -> 14721.55 | D30: =PRODUCT(Y30:Z30,AB30:AC30,AI30:AS30) -> 24180.324 | E30: =表2_5[[#This Row],[列3]]/$C$61 -> 0.053573305 | F30: 否 | I30: 伊冯对寒冷敌人爆伤 | U30: =IFERROR(VLOOKUP($A30,$A$86:$X$1000,MATCH(U$25,$A$87:$J$87,0), FALSE), 0) * (LEN($A30) > 0) -> 826 | V30: {=IFERROR(VLOOKUP($A30,$A$86:$X$1000,MATCH(V$25,$A$87:$J$87,0), FALSE), 0) * (LEN($A30) > 0)+SUMPRODUCT( IFERROR(VLOOKUP($G30:$T30, $B$87:$X$1000,MATCH(V$25,$B$87:$X$87,0), FALSE), 0) * (LEN($G30:$T30) > 0) )} -> 0 | W30: =IFERROR(VLOOKUP($A30,$A$86:$X$1000,MATCH(W$25,$A$87:$J$87,0), FALSE), 0) * (LEN($A30) > 0) -> 0 | X30: =IFERROR(VLOOKUP($A30,$A$86:$X$1000,MATCH(X$25,$A$87:$J$87,0), FALSE), 0) * (LEN($A30) > 0) -> 4.74 | Y30: =(U30*(1+V30)+W30)*(1+X30) -> 4741.24 | Z30: =IFERROR(VLOOKUP($A30,$A$86:$X$1000,MATCH(Z$25,$A$87:$J$87,0), FALSE), 0) * (LEN($A30) > 0) -> 6 | AA30: {=IFERROR(VLOOKUP($A30,$A$86:$X$1000,MATCH(AA$25,$A$87:$J$87,0), FALSE), 0) * (LEN($A30) > 0)+SUMPRODUCT( IFERROR(VLOOKUP($G30:$T30, $B$87:$X$1000,MATCH(AA$25,$B$87:$X$87,0), FALSE), 0) * (LEN($G30:$T30) > 0) )} -> 0.05 | AB30: {=1+SUMPRODUCT( IFERROR(VLOOKUP($G30:$T30, $B$87:$X$1000,MATCH(AB$25,$B$87:$X$87,0), FALSE), 0) * (LEN($G30:$T30) > 0) )+IFERROR(VLOOKUP($A30,$A$87:$X$1000,MATCH(AB$25,$A$87:$J$87,0), FALSE), 0) * (LEN($A30) > 0)} -> 1.7 | AC30: {=1+SUMPRODUCT( IFERROR(VLOOKUP($G30:$T30, $B$87:$X$1000,MATCH(AC$25,$B$87:$X$87,0), FALSE), 0) * (LEN($G30:$T30) > 0) )} -> 1 | AD30: {=SUMPRODUCT( IFERROR(VLOOKUP($G30:$T30, $B$87:$X$1000,MATCH(AD$25,$B$87:$X$87,0), FALSE), 0) * (LEN($G30:$T30) > 0) )+IFERROR(VLOOKUP($A30,$A$88:$X$1000,MATCH(AD$25,$A$87:$X$87,0), FALSE), 0) * (LEN($A30) > 0)} -> 0 | AE30: {=SUMPRODUCT( IFERROR(VLOOKUP($G30:$T30, $B$87:$X$1000,MATCH(AE$25,$B$87:$X$87,0), FALSE), 0) * (LEN($G30:$T30) > 0) )+IFERROR(VLOOKUP($A30,$A$88:$X$1000,MATCH(AE$25,$A$87:$X$87,0), FALSE), 0) * (LEN($A30) > 0)} -> 0 | AF30: {=SUMPRODUCT( IFERROR(VLOOKUP($G30:$T30, $B$87:$X$1000,MATCH(AF$25,$B$87:$X$87,0), FALSE), 0) * (LEN($G30:$T30) > 0) )+IFERROR(VLOOKUP($A30,$A$88:$X$1000,MATCH(AF$25,$A$87:$X$87,0), FALSE), 0) * (LEN($A30) > 0)} -> 0 | AG30: {=SUMPRODUCT( IFERROR(VLOOKUP($G30:$T30, $B$87:$X$1000,MATCH(AG$25,$B$87:$X$87,0), FALSE), 0) * (LEN($G30:$T30) > 0) )+IFERROR(VLOOKUP($A30,$A$88:$X$1000,MATCH(AG$25,$A$87:$X$87,0), FALSE), 0) * (LEN($A30) > 0)} -> 0 | AH30: {=SUMPRODUCT( IFERROR(VLOOKUP($G30:$T30, $B$87:$X$1000,MATCH(AH$25,$B$87:$X$87,0), FALSE), 0) * (LEN($G30:$T30) > 0) )+IFERROR(VLOOKUP($A30,$A$88:$X$1000,MATCH(AH$25,$A$87:$X$87,0), FALSE), 0) * (LEN($A30) > 0)} -> 0 | AI30: =1 + AD30 + IF( LEN($A30) > 0, IFERROR( HLOOKUP(RIGHT($A30,2), $AE$25:$AH$80, ROW()-ROW($AE$25) + 1, FALSE), 0 ), 0 ) -> 1 | AJ30: {=1+SUMPRODUCT( IFERROR(VLOOKUP($G30:$T30, $B$87:$X$1000,MATCH(AJ$25,$B$87:$X$87,0), FALSE), 0) * (LEN($G30:$T30) > 0) )} -> 1 | AK30: {=1+SUMPRODUCT( IFERROR(VLOOKUP($G30:$T30, $B$87:$X$1000,MATCH(AK$25,$B$87:$X$87,0), FALSE), 0) * (LEN($G30:$T30) > 0) )} -> 1 | AL30: {=1+SUMPRODUCT( IFERROR(VLOOKUP($G30:$T30, $B$87:$X$1000,MATCH(AL$25,$B$87:$X$87,0), FALSE), 0) * (LEN($G30:$T30) > 0) )} -> 1 | AM30: {=1+SUMPRODUCT( IFERROR(VLOOKUP($G30:$T30, $B$87:$X$1000,MATCH(AM$25,$B$87:$X$87,0), FALSE), 0) * (LEN($G30:$T30) > 0) )} -> 1 | AN30: {=1+SUMPRODUCT( IFERROR(VLOOKUP($G30:$T30, $B$87:$X$1000,MATCH(AN$25,$B$87:$X$87,0), FALSE), 0) * (LEN($G30:$T30) > 0) )} -> 1 | AO30: =IF($F30="是",1.3,1) -> 1 | AQ30: =0.5 -> 0.5
A31: 伊冯大招转身前普攻 | B31: =PRODUCT(Y31:Z31,AC31,AI31:AS31) -> 5215.364 | C31: =B31*(1+表2_5[[#This Row],[列24]]*(表2_5[[#This Row],[列25]]-1)) -> 5345.7481 | D31: =PRODUCT(Y31:Z31,AB31:AC31,AI31:AS31) -> 7823.046 | E31: =表2_5[[#This Row],[列3]]/$C$61 -> 0.019453752 | F31: 否 | U31: =IFERROR(VLOOKUP($A31,$A$86:$X$1000,MATCH(U$25,$A$87:$J$87,0), FALSE), 0) * (LEN($A31) > 0) -> 826 | V31: {=IFERROR(VLOOKUP($A31,$A$86:$X$1000,MATCH(V$25,$A$87:$J$87,0), FALSE), 0) * (LEN($A31) > 0)+SUMPRODUCT( IFERROR(VLOOKUP($G31:$T31, $B$87:$X$1000,MATCH(V$25,$B$87:$X$87,0), FALSE), 0) * (LEN($G31:$T31) > 0) )} -> 0 | W31: =IFERROR(VLOOKUP($A31,$A$86:$X$1000,MATCH(W$25,$A$87:$J$87,0), FALSE), 0) * (LEN($A31) > 0) -> 0 | X31: =IFERROR(VLOOKUP($A31,$A$86:$X$1000,MATCH(X$25,$A$87:$J$87,0), FALSE), 0) * (LEN($A31) > 0) -> 4.74 | Y31: =(U31*(1+V31)+W31)*(1+X31) -> 4741.24 | Z31: =IFERROR(VLOOKUP($A31,$A$86:$X$1000,MATCH(Z$25,$A$87:$J$87,0), FALSE), 0) * (LEN($A31) > 0) -> 2.2 | AA31: {=IFERROR(VLOOKUP($A31,$A$86:$X$1000,MATCH(AA$25,$A$87:$J$87,0), FALSE), 0) * (LEN($A31) > 0)+SUMPRODUCT( IFERROR(VLOOKUP($G31:$T31, $B$87:$X$1000,MATCH(AA$25,$B$87:$X$87,0), FALSE), 0) * (LEN($G31:$T31) > 0) )} -> 0.05 | AB31: {=1+SUMPRODUCT( IFERROR(VLOOKUP($G31:$T31, $B$87:$X$1000,MATCH(AB$25,$B$87:$X$87,0), FALSE), 0) * (LEN($G31:$T31) > 0) )+IFERROR(VLOOKUP($A31,$A$87:$X$1000,MATCH(AB$25,$A$87:$J$87,0), FALSE), 0) * (LEN($A31) > 0)} -> 1.5 | AC31: {=1+SUMPRODUCT( IFERROR(VLOOKUP($G31:$T31, $B$87:$X$1000,MATCH(AC$25,$B$87:$X$87,0), FALSE), 0) * (LEN($G31:$T31) > 0) )} -> 1 | AD31: {=SUMPRODUCT( IFERROR(VLOOKUP($G31:$T31, $B$87:$X$1000,MATCH(AD$25,$B$87:$X$87,0), FALSE), 0) * (LEN($G31:$T31) > 0) )+IFERROR(VLOOKUP($A31,$A$88:$X$1000,MATCH(AD$25,$A$87:$X$87,0), FALSE), 0) * (LEN($A31) > 0)} -> 0 | AE31: {=SUMPRODUCT( IFERROR(VLOOKUP($G31:$T31, $B$87:$X$1000,MATCH(AE$25,$B$87:$X$87,0), FALSE), 0) * (LEN($G31:$T31) > 0) )+IFERROR(VLOOKUP($A31,$A$88:$X$1000,MATCH(AE$25,$A$87:$X$87,0), FALSE), 0) * (LEN($A31) > 0)} -> 0 | AF31: {=SUMPRODUCT( IFERROR(VLOOKUP($G31:$T31, $B$87:$X$1000,MATCH(AF$25,$B$87:$X$87,0), FALSE), 0) * (LEN($G31:$T31) > 0) )+IFERROR(VLOOKUP($A31,$A$88:$X$1000,MATCH(AF$25,$A$87:$X$87,0), FALSE), 0) * (LEN($A31) > 0)} -> 0 | AG31: {=SUMPRODUCT( IFERROR(VLOOKUP($G31:$T31, $B$87:$X$1000,MATCH(AG$25,$B$87:$X$87,0), FALSE), 0) * (LEN($G31:$T31) > 0) )+IFERROR(VLOOKUP($A31,$A$88:$X$1000,MATCH(AG$25,$A$87:$X$87,0), FALSE), 0) * (LEN($A31) > 0)} -> 0 | AH31: {=SUMPRODUCT( IFERROR(VLOOKUP($G31:$T31, $B$87:$X$1000,MATCH(AH$25,$B$87:$X$87,0), FALSE), 0) * (LEN($G31:$T31) > 0) )+IFERROR(VLOOKUP($A31,$A$88:$X$1000,MATCH(AH$25,$A$87:$X$87,0), FALSE), 0) * (LEN($A31) > 0)} -> 0 | AI31: =1 + AD31 + IF( LEN($A31) > 0, IFERROR( HLOOKUP(RIGHT($A31,2), $AE$25:$AH$80, ROW()-ROW($AE$25) + 1, FALSE), 0 ), 0 ) -> 1 | AJ31: {=1+SUMPRODUCT( IFERROR(VLOOKUP($G31:$T31, $B$87:$X$1000,MATCH(AJ$25,$B$87:$X$87,0), FALSE), 0) * (LEN($G31:$T31) > 0) )} -> 1 | AK31: {=1+SUMPRODUCT( IFERROR(VLOOKUP($G31:$T31, $B$87:$X$1000,MATCH(AK$25,$B$87:$X$87,0), FALSE), 0) * (LEN($G31:$T31) > 0) )} -> 1 | AL31: {=1+SUMPRODUCT( IFERROR(VLOOKUP($G31:$T31, $B$87:$X$1000,MATCH(AL$25,$B$87:$X$87,0), FALSE), 0) * (LEN($G31:$T31) > 0) )} -> 1 | AM31: {=1+SUMPRODUCT( IFERROR(VLOOKUP($G31:$T31, $B$87:$X$1000,MATCH(AM$25,$B$87:$X$87,0), FALSE), 0) * (LEN($G31:$T31) > 0) )} -> 1 | AN31: {=1+SUMPRODUCT( IFERROR(VLOOKUP($G31:$T31, $B$87:$X$1000,MATCH(AN$25,$B$87:$X$87,0), FALSE), 0) * (LEN($G31:$T31) > 0) )} -> 1 | AO31: =IF($F31="是",1.3,1) -> 1 | AQ31: =0.5 -> 0.5
A32: 伊冯连携 | B32: =PRODUCT(Y32:Z32,AC32,AI32:AS32) -> 31709.413 | C32: =B32*(1+表2_5[[#This Row],[列24]]*(表2_5[[#This Row],[列25]]-1)) -> 45661.555 | D32: =PRODUCT(Y32:Z32,AB32:AC32,AI32:AS32) -> 66589.768 | E32: =表2_5[[#This Row],[列3]]/$C$61 -> 0.16616731 | F32: 否 | G32: 伊冯大招叠满十次暴击 | J32: 伊冯专武触发三次 | K32: 伊冯警用套叠满暴击 | U32: =IFERROR(VLOOKUP($A32,$A$86:$X$1000,MATCH(U$25,$A$87:$J$87,0), FALSE), 0) * (LEN($A32) > 0) -> 826 | V32: {=IFERROR(VLOOKUP($A32,$A$86:$X$1000,MATCH(V$25,$A$87:$J$87,0), FALSE), 0) * (LEN($A32) > 0)+SUMPRODUCT( IFERROR(VLOOKUP($G32:$T32, $B$87:$X$1000,MATCH(V$25,$B$87:$X$87,0), FALSE), 0) * (LEN($G32:$T32) > 0) )} -> 0.25 | W32: =IFERROR(VLOOKUP($A32,$A$86:$X$1000,MATCH(W$25,$A$87:$J$87,0), FALSE), 0) * (LEN($A32) > 0) -> 0 | X32: =IFERROR(VLOOKUP($A32,$A$86:$X$1000,MATCH(X$25,$A$87:$J$87,0), FALSE), 0) * (LEN($A32) > 0) -> 4.74 | Y32: =(U32*(1+V32)+W32)*(1+X32) -> 5926.55 | Z32: =IFERROR(VLOOKUP($A32,$A$86:$X$1000,MATCH(Z$25,$A$87:$J$87,0), FALSE), 0) * (LEN($A32) > 0) -> 6.4 | AA32: {=IFERROR(VLOOKUP($A32,$A$86:$X$1000,MATCH(AA$25,$A$87:$J$87,0), FALSE), 0) * (LEN($A32) > 0)+SUMPRODUCT( IFERROR(VLOOKUP($G32:$T32, $B$87:$X$1000,MATCH(AA$25,$B$87:$X$87,0), FALSE), 0) * (LEN($G32:$T32) > 0) )} -> 0.4 | AB32: {=1+SUMPRODUCT( IFERROR(VLOOKUP($G32:$T32, $B$87:$X$1000,MATCH(AB$25,$B$87:$X$87,0), FALSE), 0) * (LEN($G32:$T32) > 0) )+IFERROR(VLOOKUP($A32,$A$87:$X$1000,MATCH(AB$25,$A$87:$J$87,0), FALSE), 0) * (LEN($A32) > 0)} -> 2.1 | AC32: {=1+SUMPRODUCT( IFERROR(VLOOKUP($G32:$T32, $B$87:$X$1000,MATCH(AC$25,$B$87:$X$87,0), FALSE), 0) * (LEN($G32:$T32) > 0) )} -> 1 | AD32: {=SUMPRODUCT( IFERROR(VLOOKUP($G32:$T32, $B$87:$X$1000,MATCH(AD$25,$B$87:$X$87,0), FALSE), 0) * (LEN($G32:$T32) > 0) )+IFERROR(VLOOKUP($A32,$A$88:$X$1000,MATCH(AD$25,$A$87:$X$87,0), FALSE), 0) * (LEN($A32) > 0)} -> 0.672 | AE32: {=SUMPRODUCT( IFERROR(VLOOKUP($G32:$T32, $B$87:$X$1000,MATCH(AE$25,$B$87:$X$87,0), FALSE), 0) * (LEN($G32:$T32) > 0) )+IFERROR(VLOOKUP($A32,$A$88:$X$1000,MATCH(AE$25,$A$87:$X$87,0), FALSE), 0) * (LEN($A32) > 0)} -> 0 | AF32: {=SUMPRODUCT( IFERROR(VLOOKUP($G32:$T32, $B$87:$X$1000,MATCH(AF$25,$B$87:$X$87,0), FALSE), 0) * (LEN($G32:$T32) > 0) )+IFERROR(VLOOKUP($A32,$A$88:$X$1000,MATCH(AF$25,$A$87:$X$87,0), FALSE), 0) * (LEN($A32) > 0)} -> 0 | AG32: {=SUMPRODUCT( IFERROR(VLOOKUP($G32:$T32, $B$87:$X$1000,MATCH(AG$25,$B$87:$X$87,0), FALSE), 0) * (LEN($G32:$T32) > 0) )+IFERROR(VLOOKUP($A32,$A$88:$X$1000,MATCH(AG$25,$A$87:$X$87,0), FALSE), 0) * (LEN($A32) > 0)} -> 0 | AH32: {=SUMPRODUCT( IFERROR(VLOOKUP($G32:$T32, $B$87:$X$1000,MATCH(AH$25,$B$87:$X$87,0), FALSE), 0) * (LEN($G32:$T32) > 0) )+IFERROR(VLOOKUP($A32,$A$88:$X$1000,MATCH(AH$25,$A$87:$X$87,0), FALSE), 0) * (LEN($A32) > 0)} -> 0 | AI32: =1 + AD32 + IF( LEN($A32) > 0, IFERROR( HLOOKUP(RIGHT($A32,2), $AE$25:$AH$80, ROW()-ROW($AE$25) + 1, FALSE), 0 ), 0 ) -> 1.672 | AJ32: {=1+SUMPRODUCT( IFERROR(VLOOKUP($G32:$T32, $B$87:$X$1000,MATCH(AJ$25,$B$87:$X$87,0), FALSE), 0) * (LEN($G32:$T32) > 0) )} -> 1 | AK32: {=1+SUMPRODUCT( IFERROR(VLOOKUP($G32:$T32, $B$87:$X$1000,MATCH(AK$25,$B$87:$X$87,0), FALSE), 0) * (LEN($G32:$T32) > 0) )} -> 1 | AL32: {=1+SUMPRODUCT( IFERROR(VLOOKUP($G32:$T32, $B$87:$X$1000,MATCH(AL$25,$B$87:$X$87,0), FALSE), 0) * (LEN($G32:$T32) > 0) )} -> 1 | AM32: {=1+SUMPRODUCT( IFERROR(VLOOKUP($G32:$T32, $B$87:$X$1000,MATCH(AM$25,$B$87:$X$87,0), FALSE), 0) * (LEN($G32:$T32) > 0) )} -> 1 | AN32: {=1+SUMPRODUCT( IFERROR(VLOOKUP($G32:$T32, $B$87:$X$1000,MATCH(AN$25,$B$87:$X$87,0), FALSE), 0) * (LEN($G32:$T32) > 0) )} -> 1 | AO32: =IF($F32="是",1.3,1) -> 1 | AQ32: =0.5 -> 0.5
A33: 伊冯大招转身前普攻 | B33: =PRODUCT(Y33:Z33,AC33,AI33:AS33) -> 10900.111 | C33: =B33*(1+表2_5[[#This Row],[列24]]*(表2_5[[#This Row],[列25]]-1)) -> 17440.177 | D33: =PRODUCT(Y33:Z33,AB33:AC33,AI33:AS33) -> 27250.277 | E33: =表2_5[[#This Row],[列3]]/$C$61 -> 0.063466681 | F33: 否 | G33: 伊冯大招叠满十次暴击 | H33: 伊冯对冰冻敌人爆伤 | J33: 伊冯专武触发三次 | K33: 伊冯警用套叠满暴击 | U33: =IFERROR(VLOOKUP($A33,$A$86:$X$1000,MATCH(U$25,$A$87:$J$87,0), FALSE), 0) * (LEN($A33) > 0) -> 826 | V33: {=IFERROR(VLOOKUP($A33,$A$86:$X$1000,MATCH(V$25,$A$87:$J$87,0), FALSE), 0) * (LEN($A33) > 0)+SUMPRODUCT( IFERROR(VLOOKUP($G33:$T33, $B$87:$X$1000,MATCH(V$25,$B$87:$X$87,0), FALSE), 0) * (LEN($G33:$T33) > 0) )} -> 0.25 | W33: =IFERROR(VLOOKUP($A33,$A$86:$X$1000,MATCH(W$25,$A$87:$J$87,0), FALSE), 0) * (LEN($A33) > 0) -> 0 | X33: =IFERROR(VLOOKUP($A33,$A$86:$X$1000,MATCH(X$25,$A$87:$J$87,0), FALSE), 0) * (LEN($A33) > 0) -> 4.74 | Y33: =(U33*(1+V33)+W33)*(1+X33) -> 5926.55 | Z33: =IFERROR(VLOOKUP($A33,$A$86:$X$1000,MATCH(Z$25,$A$87:$J$87,0), FALSE), 0) * (LEN($A33) > 0) -> 2.2 | AA33: {=IFERROR(VLOOKUP($A33,$A$86:$X$1000,MATCH(AA$25,$A$87:$J$87,0), FALSE), 0) * (LEN($A33) > 0)+SUMPRODUCT( IFERROR(VLOOKUP($G33:$T33, $B$87:$X$1000,MATCH(AA$25,$B$87:$X$87,0), FALSE), 0) * (LEN($G33:$T33) > 0) )} -> 0.4 | AB33: {=1+SUMPRODUCT( IFERROR(VLOOKUP($G33:$T33, $B$87:$X$1000,MATCH(AB$25,$B$87:$X$87,0), FALSE), 0) * (LEN($G33:$T33) > 0) )+IFERROR(VLOOKUP($A33,$A$87:$X$1000,MATCH(AB$25,$A$87:$J$87,0), FALSE), 0) * (LEN($A33) > 0)} -> 2.5 | AC33: {=1+SUMPRODUCT( IFERROR(VLOOKUP($G33:$T33, $B$87:$X$1000,MATCH(AC$25,$B$87:$X$87,0), FALSE), 0) * (LEN($G33:$T33) > 0) )} -> 1 | AD33: {=SUMPRODUCT( IFERROR(VLOOKUP($G33:$T33, $B$87:$X$1000,MATCH(AD$25,$B$87:$X$87,0), FALSE), 0) * (LEN($G33:$T33) > 0) )+IFERROR(VLOOKUP($A33,$A$88:$X$1000,MATCH(AD$25,$A$87:$X$87,0), FALSE), 0) * (LEN($A33) > 0)} -> 0.672 | AE33: {=SUMPRODUCT( IFERROR(VLOOKUP($G33:$T33, $B$87:$X$1000,MATCH(AE$25,$B$87:$X$87,0), FALSE), 0) * (LEN($G33:$T33) > 0) )+IFERROR(VLOOKUP($A33,$A$88:$X$1000,MATCH(AE$25,$A$87:$X$87,0), FALSE), 0) * (LEN($A33) > 0)} -> 0 | AF33: {=SUMPRODUCT( IFERROR(VLOOKUP($G33:$T33, $B$87:$X$1000,MATCH(AF$25,$B$87:$X$87,0), FALSE), 0) * (LEN($G33:$T33) > 0) )+IFERROR(VLOOKUP($A33,$A$88:$X$1000,MATCH(AF$25,$A$87:$X$87,0), FALSE), 0) * (LEN($A33) > 0)} -> 0 | AG33: {=SUMPRODUCT( IFERROR(VLOOKUP($G33:$T33, $B$87:$X$1000,MATCH(AG$25,$B$87:$X$87,0), FALSE), 0) * (LEN($G33:$T33) > 0) )+IFERROR(VLOOKUP($A33,$A$88:$X$1000,MATCH(AG$25,$A$87:$X$87,0), FALSE), 0) * (LEN($A33) > 0)} -> 0 | AH33: {=SUMPRODUCT( IFERROR(VLOOKUP($G33:$T33, $B$87:$X$1000,MATCH(AH$25,$B$87:$X$87,0), FALSE), 0) * (LEN($G33:$T33) > 0) )+IFERROR(VLOOKUP($A33,$A$88:$X$1000,MATCH(AH$25,$A$87:$X$87,0), FALSE), 0) * (LEN($A33) > 0)} -> 0 | AI33: =1 + AD33 + IF( LEN($A33) > 0, IFERROR( HLOOKUP(RIGHT($A33,2), $AE$25:$AH$80, ROW()-ROW($AE$25) + 1, FALSE), 0 ), 0 ) -> 1.672 | AJ33: {=1+SUMPRODUCT( IFERROR(VLOOKUP($G33:$T33, $B$87:$X$1000,MATCH(AJ$25,$B$87:$X$87,0), FALSE), 0) * (LEN($G33:$T33) > 0) )} -> 1 | AK33: {=1+SUMPRODUCT( IFERROR(VLOOKUP($G33:$T33, $B$87:$X$1000,MATCH(AK$25,$B$87:$X$87,0), FALSE), 0) * (LEN($G33:$T33) > 0) )} -> 1 | AL33: {=1+SUMPRODUCT( IFERROR(VLOOKUP($G33:$T33, $B$87:$X$1000,MATCH(AL$25,$B$87:$X$87,0), FALSE), 0) * (LEN($G33:$T33) > 0) )} -> 1 | AM33: {=1+SUMPRODUCT( IFERROR(VLOOKUP($G33:$T33, $B$87:$X$1000,MATCH(AM$25,$B$87:$X$87,0), FALSE), 0) * (LEN($G33:$T33) > 0) )} -> 1 | AN33: {=1+SUMPRODUCT( IFERROR(VLOOKUP($G33:$T33, $B$87:$X$1000,MATCH(AN$25,$B$87:$X$87,0), FALSE), 0) * (LEN($G33:$T33) > 0) )} -> 1 | AO33: =IF($F33="是",1.3,1) -> 1 | AQ33: =0.5 -> 0.5
A34: 伊冯大招转身后普攻 | B34: =PRODUCT(Y34:Z34,AC34,AI34:AS34) -> 63418.826 | C34: =B34*(1+表2_5[[#This Row],[列24]]*(表2_5[[#This Row],[列25]]-1)) -> 101470.12 | D34: =PRODUCT(Y34:Z34,AB34:AC34,AI34:AS34) -> 158547.07 | E34: =表2_5[[#This Row],[列3]]/$C$61 -> 0.36926069 | F34: 否 | G34: 伊冯大招叠满十次暴击 | H34: 伊冯对冰冻敌人爆伤 | J34: 伊冯专武触发三次 | K34: 伊冯警用套叠满暴击 | U34: =IFERROR(VLOOKUP($A34,$A$86:$X$1000,MATCH(U$25,$A$87:$J$87,0), FALSE), 0) * (LEN($A34) > 0) -> 826 | V34: {=IFERROR(VLOOKUP($A34,$A$86:$X$1000,MATCH(V$25,$A$87:$J$87,0), FALSE), 0) * (LEN($A34) > 0)+SUMPRODUCT( IFERROR(VLOOKUP($G34:$T34, $B$87:$X$1000,MATCH(V$25,$B$87:$X$87,0), FALSE), 0) * (LEN($G34:$T34) > 0) )} -> 0.25 | W34: =IFERROR(VLOOKUP($A34,$A$86:$X$1000,MATCH(W$25,$A$87:$J$87,0), FALSE), 0) * (LEN($A34) > 0) -> 0 | X34: =IFERROR(VLOOKUP($A34,$A$86:$X$1000,MATCH(X$25,$A$87:$J$87,0), FALSE), 0) * (LEN($A34) > 0) -> 4.74 | Y34: =(U34*(1+V34)+W34)*(1+X34) -> 5926.55 | Z34: =IFERROR(VLOOKUP($A34,$A$86:$X$1000,MATCH(Z$25,$A$87:$J$87,0), FALSE), 0) * (LEN($A34) > 0) -> 12.8 | AA34: {=IFERROR(VLOOKUP($A34,$A$86:$X$1000,MATCH(AA$25,$A$87:$J$87,0), FALSE), 0) * (LEN($A34) > 0)+SUMPRODUCT( IFERROR(VLOOKUP($G34:$T34, $B$87:$X$1000,MATCH(AA$25,$B$87:$X$87,0), FALSE), 0) * (LEN($G34:$T34) > 0) )} -> 0.4 | AB34: {=1+SUMPRODUCT( IFERROR(VLOOKUP($G34:$T34, $B$87:$X$1000,MATCH(AB$25,$B$87:$X$87,0), FALSE), 0) * (LEN($G34:$T34) > 0) )+IFERROR(VLOOKUP($A34,$A$87:$X$1000,MATCH(AB$25,$A$87:$J$87,0), FALSE), 0) * (LEN($A34) > 0)} -> 2.5 | AC34: {=1+SUMPRODUCT( IFERROR(VLOOKUP($G34:$T34, $B$87:$X$1000,MATCH(AC$25,$B$87:$X$87,0), FALSE), 0) * (LEN($G34:$T34) > 0) )} -> 1 | AD34: {=SUMPRODUCT( IFERROR(VLOOKUP($G34:$T34, $B$87:$X$1000,MATCH(AD$25,$B$87:$X$87,0), FALSE), 0) * (LEN($G34:$T34) > 0) )+IFERROR(VLOOKUP($A34,$A$88:$X$1000,MATCH(AD$25,$A$87:$X$87,0), FALSE), 0) * (LEN($A34) > 0)} -> 0.672 | AE34: {=SUMPRODUCT( IFERROR(VLOOKUP($G34:$T34, $B$87:$X$1000,MATCH(AE$25,$B$87:$X$87,0), FALSE), 0) * (LEN($G34:$T34) > 0) )+IFERROR(VLOOKUP($A34,$A$88:$X$1000,MATCH(AE$25,$A$87:$X$87,0), FALSE), 0) * (LEN($A34) > 0)} -> 0 | AF34: {=SUMPRODUCT( IFERROR(VLOOKUP($G34:$T34, $B$87:$X$1000,MATCH(AF$25,$B$87:$X$87,0), FALSE), 0) * (LEN($G34:$T34) > 0) )+IFERROR(VLOOKUP($A34,$A$88:$X$1000,MATCH(AF$25,$A$87:$X$87,0), FALSE), 0) * (LEN($A34) > 0)} -> 0 | AG34: {=SUMPRODUCT( IFERROR(VLOOKUP($G34:$T34, $B$87:$X$1000,MATCH(AG$25,$B$87:$X$87,0), FALSE), 0) * (LEN($G34:$T34) > 0) )+IFERROR(VLOOKUP($A34,$A$88:$X$1000,MATCH(AG$25,$A$87:$X$87,0), FALSE), 0) * (LEN($A34) > 0)} -> 0 | AH34: {=SUMPRODUCT( IFERROR(VLOOKUP($G34:$T34, $B$87:$X$1000,MATCH(AH$25,$B$87:$X$87,0), FALSE), 0) * (LEN($G34:$T34) > 0) )+IFERROR(VLOOKUP($A34,$A$88:$X$1000,MATCH(AH$25,$A$87:$X$87,0), FALSE), 0) * (LEN($A34) > 0)} -> 0 | AI34: =1 + AD34 + IF( LEN($A34) > 0, IFERROR( HLOOKUP(RIGHT($A34,2), $AE$25:$AH$80, ROW()-ROW($AE$25) + 1, FALSE), 0 ), 0 ) -> 1.672 | AJ34: {=1+SUMPRODUCT( IFERROR(VLOOKUP($G34:$T34, $B$87:$X$1000,MATCH(AJ$25,$B$87:$X$87,0), FALSE), 0) * (LEN($G34:$T34) > 0) )} -> 1 | AK34: {=1+SUMPRODUCT( IFERROR(VLOOKUP($G34:$T34, $B$87:$X$1000,MATCH(AK$25,$B$87:$X$87,0), FALSE), 0) * (LEN($G34:$T34) > 0) )} -> 1 | AL34: {=1+SUMPRODUCT( IFERROR(VLOOKUP($G34:$T34, $B$87:$X$1000,MATCH(AL$25,$B$87:$X$87,0), FALSE), 0) * (LEN($G34:$T34) > 0) )} -> 1 | AM34: {=1+SUMPRODUCT( IFERROR(VLOOKUP($G34:$T34, $B$87:$X$1000,MATCH(AM$25,$B$87:$X$87,0), FALSE), 0) * (LEN($G34:$T34) > 0) )} -> 1 | AN34: {=1+SUMPRODUCT( IFERROR(VLOOKUP($G34:$T34, $B$87:$X$1000,MATCH(AN$25,$B$87:$X$87,0), FALSE), 0) * (LEN($G34:$T34) > 0) )} -> 1 | AO34: =IF($F34="是",1.3,1) -> 1 | AQ34: =0.5 -> 0.5
A35: 伊冯大招强化击普攻 | B35: =PRODUCT(Y35:Z35,AC35,AI35:AS35) -> 14863.787 | C35: =B35*(1+表2_5[[#This Row],[列24]]*(表2_5[[#This Row],[列25]]-1)) -> 23782.06 | D35: =PRODUCT(Y35:Z35,AB35:AC35,AI35:AS35) -> 37159.469 | E35: =表2_5[[#This Row],[列3]]/$C$61 -> 0.086545474 | F35: 否 | G35: 伊冯大招叠满十次暴击 | H35: 伊冯对冰冻敌人爆伤 | J35: 伊冯专武触发三次 | K35: 伊冯警用套叠满暴击 | U35: =IFERROR(VLOOKUP($A35,$A$86:$X$1000,MATCH(U$25,$A$87:$J$87,0), FALSE), 0) * (LEN($A35) > 0) -> 826 | V35: {=IFERROR(VLOOKUP($A35,$A$86:$X$1000,MATCH(V$25,$A$87:$J$87,0), FALSE), 0) * (LEN($A35) > 0)+SUMPRODUCT( IFERROR(VLOOKUP($G35:$T35, $B$87:$X$1000,MATCH(V$25,$B$87:$X$87,0), FALSE), 0) * (LEN($G35:$T35) > 0) )} -> 0.25 | W35: =IFERROR(VLOOKUP($A35,$A$86:$X$1000,MATCH(W$25,$A$87:$J$87,0), FALSE), 0) * (LEN($A35) > 0) -> 0 | X35: =IFERROR(VLOOKUP($A35,$A$86:$X$1000,MATCH(X$25,$A$87:$J$87,0), FALSE), 0) * (LEN($A35) > 0) -> 4.74 | Y35: =(U35*(1+V35)+W35)*(1+X35) -> 5926.55 | Z35: =IFERROR(VLOOKUP($A35,$A$86:$X$1000,MATCH(Z$25,$A$87:$J$87,0), FALSE), 0) * (LEN($A35) > 0) -> 3 | AA35: {=IFERROR(VLOOKUP($A35,$A$86:$X$1000,MATCH(AA$25,$A$87:$J$87,0), FALSE), 0) * (LEN($A35) > 0)+SUMPRODUCT( IFERROR(VLOOKUP($G35:$T35, $B$87:$X$1000,MATCH(AA$25,$B$87:$X$87,0), FALSE), 0) * (LEN($G35:$T35) > 0) )} -> 0.4 | AB35: {=1+SUMPRODUCT( IFERROR(VLOOKUP($G35:$T35, $B$87:$X$1000,MATCH(AB$25,$B$87:$X$87,0), FALSE), 0) * (LEN($G35:$T35) > 0) )+IFERROR(VLOOKUP($A35,$A$87:$X$1000,MATCH(AB$25,$A$87:$J$87,0), FALSE), 0) * (LEN($A35) > 0)} -> 2.5 | AC35: {=1+SUMPRODUCT( IFERROR(VLOOKUP($G35:$T35, $B$87:$X$1000,MATCH(AC$25,$B$87:$X$87,0), FALSE), 0) * (LEN($G35:$T35) > 0) )} -> 1 | AD35: {=SUMPRODUCT( IFERROR(VLOOKUP($G35:$T35, $B$87:$X$1000,MATCH(AD$25,$B$87:$X$87,0), FALSE), 0) * (LEN($G35:$T35) > 0) )+IFERROR(VLOOKUP($A35,$A$88:$X$1000,MATCH(AD$25,$A$87:$X$87,0), FALSE), 0) * (LEN($A35) > 0)} -> 0.672 | AE35: {=SUMPRODUCT( IFERROR(VLOOKUP($G35:$T35, $B$87:$X$1000,MATCH(AE$25,$B$87:$X$87,0), FALSE), 0) * (LEN($G35:$T35) > 0) )+IFERROR(VLOOKUP($A35,$A$88:$X$1000,MATCH(AE$25,$A$87:$X$87,0), FALSE), 0) * (LEN($A35) > 0)} -> 0 | AF35: {=SUMPRODUCT( IFERROR(VLOOKUP($G35:$T35, $B$87:$X$1000,MATCH(AF$25,$B$87:$X$87,0), FALSE), 0) * (LEN($G35:$T35) > 0) )+IFERROR(VLOOKUP($A35,$A$88:$X$1000,MATCH(AF$25,$A$87:$X$87,0), FALSE), 0) * (LEN($A35) > 0)} -> 0 | AG35: {=SUMPRODUCT( IFERROR(VLOOKUP($G35:$T35, $B$87:$X$1000,MATCH(AG$25,$B$87:$X$87,0), FALSE), 0) * (LEN($G35:$T35) > 0) )+IFERROR(VLOOKUP($A35,$A$88:$X$1000,MATCH(AG$25,$A$87:$X$87,0), FALSE), 0) * (LEN($A35) > 0)} -> 0 | AH35: {=SUMPRODUCT( IFERROR(VLOOKUP($G35:$T35, $B$87:$X$1000,MATCH(AH$25,$B$87:$X$87,0), FALSE), 0) * (LEN($G35:$T35) > 0) )+IFERROR(VLOOKUP($A35,$A$88:$X$1000,MATCH(AH$25,$A$87:$X$87,0), FALSE), 0) * (LEN($A35) > 0)} -> 0 | AI35: =1 + AD35 + IF( LEN($A35) > 0, IFERROR( HLOOKUP(RIGHT($A35,2), $AE$25:$AH$80, ROW()-ROW($AE$25) + 1, FALSE), 0 ), 0 ) -> 1.672 | AJ35: {=1+SUMPRODUCT( IFERROR(VLOOKUP($G35:$T35, $B$87:$X$1000,MATCH(AJ$25,$B$87:$X$87,0), FALSE), 0) * (LEN($G35:$T35) > 0) )} -> 1 | AK35: {=1+SUMPRODUCT( IFERROR(VLOOKUP($G35:$T35, $B$87:$X$1000,MATCH(AK$25,$B$87:$X$87,0), FALSE), 0) * (LEN($G35:$T35) > 0) )} -> 1 | AL35: {=1+SUMPRODUCT( IFERROR(VLOOKUP($G35:$T35, $B$87:$X$1000,MATCH(AL$25,$B$87:$X$87,0), FALSE), 0) * (LEN($G35:$T35) > 0) )} -> 1 | AM35: {=1+SUMPRODUCT( IFERROR(VLOOKUP($G35:$T35, $B$87:$X$1000,MATCH(AM$25,$B$87:$X$87,0), FALSE), 0) * (LEN($G35:$T35) > 0) )} -> 1 | AN35: {=1+SUMPRODUCT( IFERROR(VLOOKUP($G35:$T35, $B$87:$X$1000,MATCH(AN$25,$B$87:$X$87,0), FALSE), 0) * (LEN($G35:$T35) > 0) )} -> 1 | AO35: =IF($F35="是",1.3,1) -> 1 | AQ35: =0.5 -> 0.5
A36: 伊冯大招强化击爆冰冻普攻 | B36: =PRODUCT(Y36:Z36,AC36,AI36:AS36) -> 29727.575 | C36: =B36*(1+表2_5[[#This Row],[列24]]*(表2_5[[#This Row],[列25]]-1)) -> 47564.12 | D36: =PRODUCT(Y36:Z36,AB36:AC36,AI36:AS36) -> 74318.937 | E36: =表2_5[[#This Row],[列3]]/$C$61 -> 0.17309095 | F36: 否 | G36: 伊冯大招叠满十次暴击 | H36: 伊冯对冰冻敌人爆伤 | J36: 伊冯专武触发三次 | K36: 伊冯警用套叠满暴击 | U36: =IFERROR(VLOOKUP($A36,$A$86:$X$1000,MATCH(U$25,$A$87:$J$87,0), FALSE), 0) * (LEN($A36) > 0) -> 826 | V36: {=IFERROR(VLOOKUP($A36,$A$86:$X$1000,MATCH(V$25,$A$87:$J$87,0), FALSE), 0) * (LEN($A36) > 0)+SUMPRODUCT( IFERROR(VLOOKUP($G36:$T36, $B$87:$X$1000,MATCH(V$25,$B$87:$X$87,0), FALSE), 0) * (LEN($G36:$T36) > 0) )} -> 0.25 | W36: =IFERROR(VLOOKUP($A36,$A$86:$X$1000,MATCH(W$25,$A$87:$J$87,0), FALSE), 0) * (LEN($A36) > 0) -> 0 | X36: =IFERROR(VLOOKUP($A36,$A$86:$X$1000,MATCH(X$25,$A$87:$J$87,0), FALSE), 0) * (LEN($A36) > 0) -> 4.74 | Y36: =(U36*(1+V36)+W36)*(1+X36) -> 5926.55 | Z36: =IFERROR(VLOOKUP($A36,$A$86:$X$1000,MATCH(Z$25,$A$87:$J$87,0), FALSE), 0) * (LEN($A36) > 0) -> 6 | AA36: {=IFERROR(VLOOKUP($A36,$A$86:$X$1000,MATCH(AA$25,$A$87:$J$87,0), FALSE), 0) * (LEN($A36) > 0)+SUMPRODUCT( IFERROR(VLOOKUP($G36:$T36, $B$87:$X$1000,MATCH(AA$25,$B$87:$X$87,0), FALSE), 0) * (LEN($G36:$T36) > 0) )} -> 0.4 | AB36: {=1+SUMPRODUCT( IFERROR(VLOOKUP($G36:$T36, $B$87:$X$1000,MATCH(AB$25,$B$87:$X$87,0), FALSE), 0) * (LEN($G36:$T36) > 0) )+IFERROR(VLOOKUP($A36,$A$87:$X$1000,MATCH(AB$25,$A$87:$J$87,0), FALSE), 0) * (LEN($A36) > 0)} -> 2.5 | AC36: {=1+SUMPRODUCT( IFERROR(VLOOKUP($G36:$T36, $B$87:$X$1000,MATCH(AC$25,$B$87:$X$87,0), FALSE), 0) * (LEN($G36:$T36) > 0) )} -> 1 | AD36: {=SUMPRODUCT( IFERROR(VLOOKUP($G36:$T36, $B$87:$X$1000,MATCH(AD$25,$B$87:$X$87,0), FALSE), 0) * (LEN($G36:$T36) > 0) )+IFERROR(VLOOKUP($A36,$A$88:$X$1000,MATCH(AD$25,$A$87:$X$87,0), FALSE), 0) * (LEN($A36) > 0)} -> 0.672 | AE36: {=SUMPRODUCT( IFERROR(VLOOKUP($G36:$T36, $B$87:$X$1000,MATCH(AE$25,$B$87:$X$87,0), FALSE), 0) * (LEN($G36:$T36) > 0) )+IFERROR(VLOOKUP($A36,$A$88:$X$1000,MATCH(AE$25,$A$87:$X$87,0), FALSE), 0) * (LEN($A36) > 0)} -> 0 | AF36: {=SUMPRODUCT( IFERROR(VLOOKUP($G36:$T36, $B$87:$X$1000,MATCH(AF$25,$B$87:$X$87,0), FALSE), 0) * (LEN($G36:$T36) > 0) )+IFERROR(VLOOKUP($A36,$A$88:$X$1000,MATCH(AF$25,$A$87:$X$87,0), FALSE), 0) * (LEN($A36) > 0)} -> 0 | AG36: {=SUMPRODUCT( IFERROR(VLOOKUP($G36:$T36, $B$87:$X$1000,MATCH(AG$25,$B$87:$X$87,0), FALSE), 0) * (LEN($G36:$T36) > 0) )+IFERROR(VLOOKUP($A36,$A$88:$X$1000,MATCH(AG$25,$A$87:$X$87,0), FALSE), 0) * (LEN($A36) > 0)} -> 0 | AH36: {=SUMPRODUCT( IFERROR(VLOOKUP($G36:$T36, $B$87:$X$1000,MATCH(AH$25,$B$87:$X$87,0), FALSE), 0) * (LEN($G36:$T36) > 0) )+IFERROR(VLOOKUP($A36,$A$88:$X$1000,MATCH(AH$25,$A$87:$X$87,0), FALSE), 0) * (LEN($A36) > 0)} -> 0 | AI36: =1 + AD36 + IF( LEN($A36) > 0, IFERROR( HLOOKUP(RIGHT($A36,2), $AE$25:$AH$80, ROW()-ROW($AE$25) + 1, FALSE), 0 ), 0 ) -> 1.672 | AJ36: {=1+SUMPRODUCT( IFERROR(VLOOKUP($G36:$T36, $B$87:$X$1000,MATCH(AJ$25,$B$87:$X$87,0), FALSE), 0) * (LEN($G36:$T36) > 0) )} -> 1 | AK36: {=1+SUMPRODUCT( IFERROR(VLOOKUP($G36:$T36, $B$87:$X$1000,MATCH(AK$25,$B$87:$X$87,0), FALSE), 0) * (LEN($G36:$T36) > 0) )} -> 1 | AL36: {=1+SUMPRODUCT( IFERROR(VLOOKUP($G36:$T36, $B$87:$X$1000,MATCH(AL$25,$B$87:$X$87,0), FALSE), 0) * (LEN($G36:$T36) > 0) )} -> 1 | AM36: {=1+SUMPRODUCT( IFERROR(VLOOKUP($G36:$T36, $B$87:$X$1000,MATCH(AM$25,$B$87:$X$87,0), FALSE), 0) * (LEN($G36:$T36) > 0) )} -> 1 | AN36: {=1+SUMPRODUCT( IFERROR(VLOOKUP($G36:$T36, $B$87:$X$1000,MATCH(AN$25,$B$87:$X$87,0), FALSE), 0) * (LEN($G36:$T36) > 0) )} -> 1 | AO36: =IF($F36="是",1.3,1) -> 1 | AQ36: =0.5 -> 0.5
B37: =PRODUCT(Y37:Z37,AC37,AI37:AS37) -> 0 | C37: =B37+D37*AA37 -> 0 | D37: =PRODUCT(Y37:Z37,AB37:AC37,AI37:AS37) -> 0 | E37: =表2_5[[#This Row],[列3]]/$C$61 -> 0 | F37: 否 | U37: =IFERROR(VLOOKUP($A37,$A$86:$X$1000,MATCH(U$25,$A$87:$J$87,0), FALSE), 0) * (LEN($A37) > 0) -> 0 | V37: {=IFERROR(VLOOKUP($A37,$A$86:$X$1000,MATCH(V$25,$A$87:$J$87,0), FALSE), 0) * (LEN($A37) > 0)+SUMPRODUCT( IFERROR(VLOOKUP($G37:$T37, $B$87:$X$1000,MATCH(V$25,$B$87:$X$87,0), FALSE), 0) * (LEN($G37:$T37) > 0) )} -> 0 | W37: =IFERROR(VLOOKUP($A37,$A$86:$X$1000,MATCH(W$25,$A$87:$J$87,0), FALSE), 0) * (LEN($A37) > 0) -> 0 | X37: =IFERROR(VLOOKUP($A37,$A$86:$X$1000,MATCH(X$25,$A$87:$J$87,0), FALSE), 0) * (LEN($A37) > 0) -> 0 | Y37: =(U37*(1+V37)+W37)*(1+X37) -> 0 | Z37: =IFERROR(VLOOKUP($A37,$A$86:$X$1000,MATCH(Z$25,$A$87:$J$87,0), FALSE), 0) * (LEN($A37) > 0) -> 0 | AA37: {=IFERROR(VLOOKUP($A37,$A$86:$X$1000,MATCH(AA$25,$A$87:$J$87,0), FALSE), 0) * (LEN($A37) > 0)+SUMPRODUCT( IFERROR(VLOOKUP($G37:$T37, $B$87:$X$1000,MATCH(AA$25,$B$87:$X$87,0), FALSE), 0) * (LEN($G37:$T37) > 0) )} -> 0 | AB37: {=1+SUMPRODUCT( IFERROR(VLOOKUP($G37:$T37, $B$87:$X$1000,MATCH(AB$25,$B$87:$X$87,0), FALSE), 0) * (LEN($G37:$T37) > 0) )+IFERROR(VLOOKUP($A37,$A$87:$X$1000,MATCH(AB$25,$A$87:$J$87,0), FALSE), 0) * (LEN($A37) > 0)} -> 1 | AC37: {=1+SUMPRODUCT( IFERROR(VLOOKUP($G37:$T37, $B$87:$X$1000,MATCH(AC$25,$B$87:$X$87,0), FALSE), 0) * (LEN($G37:$T37) > 0) )} -> 1 | AD37: {=SUMPRODUCT( IFERROR(VLOOKUP($G37:$T37, $B$87:$X$1000,MATCH(AD$25,$B$87:$X$87,0), FALSE), 0) * (LEN($G37:$T37) > 0) )+IFERROR(VLOOKUP($A37,$A$88:$X$1000,MATCH(AD$25,$A$87:$X$87,0), FALSE), 0) * (LEN($A37) > 0)} -> 0 | AE37: {=SUMPRODUCT( IFERROR(VLOOKUP($G37:$T37, $B$87:$X$1000,MATCH(AE$25,$B$87:$X$87,0), FALSE), 0) * (LEN($G37:$T37) > 0) )+IFERROR(VLOOKUP($A37,$A$88:$X$1000,MATCH(AE$25,$A$87:$X$87,0), FALSE), 0) * (LEN($A37) > 0)} -> 0 | AF37: {=SUMPRODUCT( IFERROR(VLOOKUP($G37:$T37, $B$87:$X$1000,MATCH(AF$25,$B$87:$X$87,0), FALSE), 0) * (LEN($G37:$T37) > 0) )+IFERROR(VLOOKUP($A37,$A$88:$X$1000,MATCH(AF$25,$A$87:$X$87,0), FALSE), 0) * (LEN($A37) > 0)} -> 0 | AG37: {=SUMPRODUCT( IFERROR(VLOOKUP($G37:$T37, $B$87:$X$1000,MATCH(AG$25,$B$87:$X$87,0), FALSE), 0) * (LEN($G37:$T37) > 0) )+IFERROR(VLOOKUP($A37,$A$88:$X$1000,MATCH(AG$25,$A$87:$X$87,0), FALSE), 0) * (LEN($A37) > 0)} -> 0 | AH37: {=SUMPRODUCT( IFERROR(VLOOKUP($G37:$T37, $B$87:$X$1000,MATCH(AH$25,$B$87:$X$87,0), FALSE), 0) * (LEN($G37:$T37) > 0) )+IFERROR(VLOOKUP($A37,$A$88:$X$1000,MATCH(AH$25,$A$87:$X$87,0), FALSE), 0) * (LEN($A37) > 0)} -> 0 | AI37: =1+AD37+IFERROR(HLOOKUP(RIGHT($A37,2),$AE$25:$AH$80,ROW()-1, FALSE), 0) * (LEN($A37) > 0) -> 1 | AJ37: {=1+SUMPRODUCT( IFERROR(VLOOKUP($G37:$T37, $B$87:$X$1000,MATCH(AJ$25,$B$87:$X$87,0), FALSE), 0) * (LEN($G37:$T37) > 0) )} -> 1 | AK37: {=1+SUMPRODUCT( IFERROR(VLOOKUP($G37:$T37, $B$87:$X$1000,MATCH(AK$25,$B$87:$X$87,0), FALSE), 0) * (LEN($G37:$T37) > 0) )} -> 1 | AL37: {=1+SUMPRODUCT( IFERROR(VLOOKUP($G37:$T37, $B$87:$X$1000,MATCH(AL$25,$B$87:$X$87,0), FALSE), 0) * (LEN($G37:$T37) > 0) )} -> 1 | AM37: {=1+SUMPRODUCT( IFERROR(VLOOKUP($G37:$T37, $B$87:$X$1000,MATCH(AM$25,$B$87:$X$87,0), FALSE), 0) * (LEN($G37:$T37) > 0) )} -> 1 | AN37: {=1+SUMPRODUCT( IFERROR(VLOOKUP($G37:$T37, $B$87:$X$1000,MATCH(AN$25,$B$87:$X$87,0), FALSE), 0) * (LEN($G37:$T37) > 0) )} -> 1 | AO37: =IF($F37="是",1.3,1) -> 1 | AQ37: =0.5 -> 0.5
B38: =PRODUCT(Y38:Z38,AC38,AI38:AS38) -> 0 | C38: =B38*(1+表2_5[[#This Row],[列24]]*(表2_5[[#This Row],[列25]]-1)) -> 0 | D38: =PRODUCT(Y38:Z38,AB38:AC38,AI38:AS38) -> 0 | E38: =表2_5[[#This Row],[列3]]/$C$61 -> 0 | F38: 否 | U38: =IFERROR(VLOOKUP($A38,$A$86:$X$1000,MATCH(U$25,$A$87:$J$87,0), FALSE), 0) * (LEN($A38) > 0) -> 0 | V38: {=IFERROR(VLOOKUP($A38,$A$86:$X$1000,MATCH(V$25,$A$87:$J$87,0), FALSE), 0) * (LEN($A38) > 0)+SUMPRODUCT( IFERROR(VLOOKUP($G38:$T38, $B$87:$X$1000,MATCH(V$25,$B$87:$X$87,0), FALSE), 0) * (LEN($G38:$T38) > 0) )} -> 0 | W38: =IFERROR(VLOOKUP($A38,$A$86:$X$1000,MATCH(W$25,$A$87:$J$87,0), FALSE), 0) * (LEN($A38) > 0) -> 0 | X38: =IFERROR(VLOOKUP($A38,$A$86:$X$1000,MATCH(X$25,$A$87:$J$87,0), FALSE), 0) * (LEN($A38) > 0) -> 0 | Y38: =(U38*(1+V38)+W38)*(1+X38) -> 0 | Z38: =IFERROR(VLOOKUP($A38,$A$86:$X$1000,MATCH(Z$25,$A$87:$J$87,0), FALSE), 0) * (LEN($A38) > 0) -> 0 | AA38: {=IFERROR(VLOOKUP($A38,$A$86:$X$1000,MATCH(AA$25,$A$87:$J$87,0), FALSE), 0) * (LEN($A38) > 0)+SUMPRODUCT( IFERROR(VLOOKUP($G38:$T38, $B$87:$X$1000,MATCH(AA$25,$B$87:$X$87,0), FALSE), 0) * (LEN($G38:$T38) > 0) )} -> 0 | AB38: {=1+SUMPRODUCT( IFERROR(VLOOKUP($G38:$T38, $B$87:$X$1000,MATCH(AB$25,$B$87:$X$87,0), FALSE), 0) * (LEN($G38:$T38) > 0) )+IFERROR(VLOOKUP($A38,$A$87:$X$1000,MATCH(AB$25,$A$87:$J$87,0), FALSE), 0) * (LEN($A38) > 0)} -> 1 | AC38: {=1+SUMPRODUCT( IFERROR(VLOOKUP($G38:$T38, $B$87:$X$1000,MATCH(AC$25,$B$87:$X$87,0), FALSE), 0) * (LEN($G38:$T38) > 0) )} -> 1 | AD38: {=SUMPRODUCT( IFERROR(VLOOKUP($G38:$T38, $B$87:$X$1000,MATCH(AD$25,$B$87:$X$87,0), FALSE), 0) * (LEN($G38:$T38) > 0) )+IFERROR(VLOOKUP($A38,$A$88:$X$1000,MATCH(AD$25,$A$87:$X$87,0), FALSE), 0) * (LEN($A38) > 0)} -> 0 | AE38: {=SUMPRODUCT( IFERROR(VLOOKUP($G38:$T38, $B$87:$X$1000,MATCH(AE$25,$B$87:$X$87,0), FALSE), 0) * (LEN($G38:$T38) > 0) )+IFERROR(VLOOKUP($A38,$A$88:$X$1000,MATCH(AE$25,$A$87:$X$87,0), FALSE), 0) * (LEN($A38) > 0)} -> 0 | AF38: {=SUMPRODUCT( IFERROR(VLOOKUP($G38:$T38, $B$87:$X$1000,MATCH(AF$25,$B$87:$X$87,0), FALSE), 0) * (LEN($G38:$T38) > 0) )+IFERROR(VLOOKUP($A38,$A$88:$X$1000,MATCH(AF$25,$A$87:$X$87,0), FALSE), 0) * (LEN($A38) > 0)} -> 0 | AG38: {=SUMPRODUCT( IFERROR(VLOOKUP($G38:$T38, $B$87:$X$1000,MATCH(AG$25,$B$87:$X$87,0), FALSE), 0) * (LEN($G38:$T38) > 0) )+IFERROR(VLOOKUP($A38,$A$88:$X$1000,MATCH(AG$25,$A$87:$X$87,0), FALSE), 0) * (LEN($A38) > 0)} -> 0 | AH38: {=SUMPRODUCT( IFERROR(VLOOKUP($G38:$T38, $B$87:$X$1000,MATCH(AH$25,$B$87:$X$87,0), FALSE), 0) * (LEN($G38:$T38) > 0) )+IFERROR(VLOOKUP($A38,$A$88:$X$1000,MATCH(AH$25,$A$87:$X$87,0), FALSE), 0) * (LEN($A38) > 0)} -> 0 | AI38: =1 + AD38 + IF( LEN($A38) > 0, IFERROR( HLOOKUP(RIGHT($A38,2), $AE$25:$AH$80, ROW()-ROW($AE$25) + 1, FALSE), 0 ), 0 ) -> 1 | AJ38: {=1+SUMPRODUCT( IFERROR(VLOOKUP($G38:$T38, $B$87:$X$1000,MATCH(AJ$25,$B$87:$X$87,0), FALSE), 0) * (LEN($G38:$T38) > 0) )} -> 1 | AK38: {=1+SUMPRODUCT( IFERROR(VLOOKUP($G38:$T38, $B$87:$X$1000,MATCH(AK$25,$B$87:$X$87,0), FALSE), 0) * (LEN($G38:$T38) > 0) )} -> 1 | AL38: {=1+SUMPRODUCT( IFERROR(VLOOKUP($G38:$T38, $B$87:$X$1000,MATCH(AL$25,$B$87:$X$87,0), FALSE), 0) * (LEN($G38:$T38) > 0) )} -> 1 | AM38: {=1+SUMPRODUCT( IFERROR(VLOOKUP($G38:$T38, $B$87:$X$1000,MATCH(AM$25,$B$87:$X$87,0), FALSE), 0) * (LEN($G38:$T38) > 0) )} -> 1 | AN38: {=1+SUMPRODUCT( IFERROR(VLOOKUP($G38:$T38, $B$87:$X$1000,MATCH(AN$25,$B$87:$X$87,0), FALSE), 0) * (LEN($G38:$T38) > 0) )} -> 1 | AO38: =IF($F38="是",1.3,1) -> 1 | AQ38: =0.5 -> 0.5
B39: =PRODUCT(Y39:Z39,AC39,AI39:AS39) -> 0 | C39: =B39*(1+表2_5[[#This Row],[列24]]*(表2_5[[#This Row],[列25]]-1)) -> 0 | D39: =PRODUCT(Y39:Z39,AB39:AC39,AI39:AS39) -> 0 | E39: =表2_5[[#This Row],[列3]]/$C$61 -> 0 | F39: 否 | U39: =IFERROR(VLOOKUP($A39,$A$86:$X$1000,MATCH(U$25,$A$87:$J$87,0), FALSE), 0) * (LEN($A39) > 0) -> 0 | V39: {=IFERROR(VLOOKUP($A39,$A$86:$X$1000,MATCH(V$25,$A$87:$J$87,0), FALSE), 0) * (LEN($A39) > 0)+SUMPRODUCT( IFERROR(VLOOKUP($G39:$T39, $B$87:$X$1000,MATCH(V$25,$B$87:$X$87,0), FALSE), 0) * (LEN($G39:$T39) > 0) )} -> 0 | W39: =IFERROR(VLOOKUP($A39,$A$86:$X$1000,MATCH(W$25,$A$87:$J$87,0), FALSE), 0) * (LEN($A39) > 0) -> 0 | X39: =IFERROR(VLOOKUP($A39,$A$86:$X$1000,MATCH(X$25,$A$87:$J$87,0), FALSE), 0) * (LEN($A39) > 0) -> 0 | Y39: =(U39*(1+V39)+W39)*(1+X39) -> 0 | Z39: =IFERROR(VLOOKUP($A39,$A$86:$X$1000,MATCH(Z$25,$A$87:$J$87,0), FALSE), 0) * (LEN($A39) > 0) -> 0 | AA39: {=IFERROR(VLOOKUP($A39,$A$86:$X$1000,MATCH(AA$25,$A$87:$J$87,0), FALSE), 0) * (LEN($A39) > 0)+SUMPRODUCT( IFERROR(VLOOKUP($G39:$T39, $B$87:$X$1000,MATCH(AA$25,$B$87:$X$87,0), FALSE), 0) * (LEN($G39:$T39) > 0) )} -> 0 | AB39: {=1+SUMPRODUCT( IFERROR(VLOOKUP($G39:$T39, $B$87:$X$1000,MATCH(AB$25,$B$87:$X$87,0), FALSE), 0) * (LEN($G39:$T39) > 0) )+IFERROR(VLOOKUP($A39,$A$87:$X$1000,MATCH(AB$25,$A$87:$J$87,0), FALSE), 0) * (LEN($A39) > 0)} -> 1 | AC39: {=1+SUMPRODUCT( IFERROR(VLOOKUP($G39:$T39, $B$87:$X$1000,MATCH(AC$25,$B$87:$X$87,0), FALSE), 0) * (LEN($G39:$T39) > 0) )} -> 1 | AD39: {=SUMPRODUCT( IFERROR(VLOOKUP($G39:$T39, $B$87:$X$1000,MATCH(AD$25,$B$87:$X$87,0), FALSE), 0) * (LEN($G39:$T39) > 0) )+IFERROR(VLOOKUP($A39,$A$88:$X$1000,MATCH(AD$25,$A$87:$X$87,0), FALSE), 0) * (LEN($A39) > 0)} -> 0 | AE39: {=SUMPRODUCT( IFERROR(VLOOKUP($G39:$T39, $B$87:$X$1000,MATCH(AE$25,$B$87:$X$87,0), FALSE), 0) * (LEN($G39:$T39) > 0) )+IFERROR(VLOOKUP($A39,$A$88:$X$1000,MATCH(AE$25,$A$87:$X$87,0), FALSE), 0) * (LEN($A39) > 0)} -> 0 | AF39: {=SUMPRODUCT( IFERROR(VLOOKUP($G39:$T39, $B$87:$X$1000,MATCH(AF$25,$B$87:$X$87,0), FALSE), 0) * (LEN($G39:$T39) > 0) )+IFERROR(VLOOKUP($A39,$A$88:$X$1000,MATCH(AF$25,$A$87:$X$87,0), FALSE), 0) * (LEN($A39) > 0)} -> 0 | AG39: {=SUMPRODUCT( IFERROR(VLOOKUP($G39:$T39, $B$87:$X$1000,MATCH(AG$25,$B$87:$X$87,0), FALSE), 0) * (LEN($G39:$T39) > 0) )+IFERROR(VLOOKUP($A39,$A$88:$X$1000,MATCH(AG$25,$A$87:$X$87,0), FALSE), 0) * (LEN($A39) > 0)} -> 0 | AH39: {=SUMPRODUCT( IFERROR(VLOOKUP($G39:$T39, $B$87:$X$1000,MATCH(AH$25,$B$87:$X$87,0), FALSE), 0) * (LEN($G39:$T39) > 0) )+IFERROR(VLOOKUP($A39,$A$88:$X$1000,MATCH(AH$25,$A$87:$X$87,0), FALSE), 0) * (LEN($A39) > 0)} -> 0 | AI39: =1 + AD39 + IF( LEN($A39) > 0, IFERROR( HLOOKUP(RIGHT($A39,2), $AE$25:$AH$80, ROW()-ROW($AE$25) + 1, FALSE), 0 ), 0 ) -> 1 | AJ39: {=1+SUMPRODUCT( IFERROR(VLOOKUP($G39:$T39, $B$87:$X$1000,MATCH(AJ$25,$B$87:$X$87,0), FALSE), 0) * (LEN($G39:$T39) > 0) )} -> 1 | AK39: {=1+SUMPRODUCT( IFERROR(VLOOKUP($G39:$T39, $B$87:$X$1000,MATCH(AK$25,$B$87:$X$87,0), FALSE), 0) * (LEN($G39:$T39) > 0) )} -> 1 | AL39: {=1+SUMPRODUCT( IFERROR(VLOOKUP($G39:$T39, $B$87:$X$1000,MATCH(AL$25,$B$87:$X$87,0), FALSE), 0) * (LEN($G39:$T39) > 0) )} -> 1 | AM39: {=1+SUMPRODUCT( IFERROR(VLOOKUP($G39:$T39, $B$87:$X$1000,MATCH(AM$25,$B$87:$X$87,0), FALSE), 0) * (LEN($G39:$T39) > 0) )} -> 1 | AN39: {=1+SUMPRODUCT( IFERROR(VLOOKUP($G39:$T39, $B$87:$X$1000,MATCH(AN$25,$B$87:$X$87,0), FALSE), 0) * (LEN($G39:$T39) > 0) )} -> 1 | AO39: =IF($F39="是",1.3,1) -> 1 | AQ39: =0.5 -> 0.5
B40: =PRODUCT(Y40:Z40,AC40,AI40:AS40) -> 0 | C40: =B40*(1+表2_5[[#This Row],[列24]]*(表2_5[[#This Row],[列25]]-1)) -> 0 | D40: =PRODUCT(Y40:Z40,AB40:AC40,AI40:AS40) -> 0 | E40: =表2_5[[#This Row],[列3]]/$C$61 -> 0 | F40: 否 | U40: =IFERROR(VLOOKUP($A40,$A$86:$X$1000,MATCH(U$25,$A$87:$J$87,0), FALSE), 0) * (LEN($A40) > 0) -> 0 | V40: {=IFERROR(VLOOKUP($A40,$A$86:$X$1000,MATCH(V$25,$A$87:$J$87,0), FALSE), 0) * (LEN($A40) > 0)+SUMPRODUCT( IFERROR(VLOOKUP($G40:$T40, $B$87:$X$1000,MATCH(V$25,$B$87:$X$87,0), FALSE), 0) * (LEN($G40:$T40) > 0) )} -> 0 | W40: =IFERROR(VLOOKUP($A40,$A$86:$X$1000,MATCH(W$25,$A$87:$J$87,0), FALSE), 0) * (LEN($A40) > 0) -> 0 | X40: =IFERROR(VLOOKUP($A40,$A$86:$X$1000,MATCH(X$25,$A$87:$J$87,0), FALSE), 0) * (LEN($A40) > 0) -> 0 | Y40: =(U40*(1+V40)+W40)*(1+X40) -> 0 | Z40: =IFERROR(VLOOKUP($A40,$A$86:$X$1000,MATCH(Z$25,$A$87:$J$87,0), FALSE), 0) * (LEN($A40) > 0) -> 0 | AA40: {=IFERROR(VLOOKUP($A40,$A$86:$X$1000,MATCH(AA$25,$A$87:$J$87,0), FALSE), 0) * (LEN($A40) > 0)+SUMPRODUCT( IFERROR(VLOOKUP($G40:$T40, $B$87:$X$1000,MATCH(AA$25,$B$87:$X$87,0), FALSE), 0) * (LEN($G40:$T40) > 0) )} -> 0 | AB40: {=1+SUMPRODUCT( IFERROR(VLOOKUP($G40:$T40, $B$87:$X$1000,MATCH(AB$25,$B$87:$X$87,0), FALSE), 0) * (LEN($G40:$T40) > 0) )+IFERROR(VLOOKUP($A40,$A$87:$X$1000,MATCH(AB$25,$A$87:$J$87,0), FALSE), 0) * (LEN($A40) > 0)} -> 1 | AC40: {=1+SUMPRODUCT( IFERROR(VLOOKUP($G40:$T40, $B$87:$X$1000,MATCH(AC$25,$B$87:$X$87,0), FALSE), 0) * (LEN($G40:$T40) > 0) )} -> 1 | AD40: {=SUMPRODUCT( IFERROR(VLOOKUP($G40:$T40, $B$87:$X$1000,MATCH(AD$25,$B$87:$X$87,0), FALSE), 0) * (LEN($G40:$T40) > 0) )+IFERROR(VLOOKUP($A40,$A$88:$X$1000,MATCH(AD$25,$A$87:$X$87,0), FALSE), 0) * (LEN($A40) > 0)} -> 0 | AE40: {=SUMPRODUCT( IFERROR(VLOOKUP($G40:$T40, $B$87:$X$1000,MATCH(AE$25,$B$87:$X$87,0), FALSE), 0) * (LEN($G40:$T40) > 0) )+IFERROR(VLOOKUP($A40,$A$88:$X$1000,MATCH(AE$25,$A$87:$X$87,0), FALSE), 0) * (LEN($A40) > 0)} -> 0 | AF40: {=SUMPRODUCT( IFERROR(VLOOKUP($G40:$T40, $B$87:$X$1000,MATCH(AF$25,$B$87:$X$87,0), FALSE), 0) * (LEN($G40:$T40) > 0) )+IFERROR(VLOOKUP($A40,$A$88:$X$1000,MATCH(AF$25,$A$87:$X$87,0), FALSE), 0) * (LEN($A40) > 0)} -> 0 | AG40: {=SUMPRODUCT( IFERROR(VLOOKUP($G40:$T40, $B$87:$X$1000,MATCH(AG$25,$B$87:$X$87,0), FALSE), 0) * (LEN($G40:$T40) > 0) )+IFERROR(VLOOKUP($A40,$A$88:$X$1000,MATCH(AG$25,$A$87:$X$87,0), FALSE), 0) * (LEN($A40) > 0)} -> 0 | AH40: {=SUMPRODUCT( IFERROR(VLOOKUP($G40:$T40, $B$87:$X$1000,MATCH(AH$25,$B$87:$X$87,0), FALSE), 0) * (LEN($G40:$T40) > 0) )+IFERROR(VLOOKUP($A40,$A$88:$X$1000,MATCH(AH$25,$A$87:$X$87,0), FALSE), 0) * (LEN($A40) > 0)} -> 0 | AI40: =1 + AD40 + IF( LEN($A40) > 0, IFERROR( HLOOKUP(RIGHT($A40,2), $AE$25:$AH$80, ROW()-ROW($AE$25) + 1, FALSE), 0 ), 0 ) -> 1 | AJ40: {=1+SUMPRODUCT( IFERROR(VLOOKUP($G40:$T40, $B$87:$X$1000,MATCH(AJ$25,$B$87:$X$87,0), FALSE), 0) * (LEN($G40:$T40) > 0) )} -> 1 | AK40: {=1+SUMPRODUCT( IFERROR(VLOOKUP($G40:$T40, $B$87:$X$1000,MATCH(AK$25,$B$87:$X$87,0), FALSE), 0) * (LEN($G40:$T40) > 0) )} -> 1 | AL40: {=1+SUMPRODUCT( IFERROR(VLOOKUP($G40:$T40, $B$87:$X$1000,MATCH(AL$25,$B$87:$X$87,0), FALSE), 0) * (LEN($G40:$T40) > 0) )} -> 1 | AM40: {=1+SUMPRODUCT( IFERROR(VLOOKUP($G40:$T40, $B$87:$X$1000,MATCH(AM$25,$B$87:$X$87,0), FALSE), 0) * (LEN($G40:$T40) > 0) )} -> 1 | AN40: {=1+SUMPRODUCT( IFERROR(VLOOKUP($G40:$T40, $B$87:$X$1000,MATCH(AN$25,$B$87:$X$87,0), FALSE), 0) * (LEN($G40:$T40) > 0) )} -> 1 | AO40: =IF($F40="是",1.3,1) -> 1 | AQ40: =0.5 -> 0.5
B41: =PRODUCT(Y41:Z41,AC41,AI41:AS41) -> 0 | C41: =B41*(1+表2_5[[#This Row],[列24]]*(表2_5[[#This Row],[列25]]-1)) -> 0 | D41: =PRODUCT(Y41:Z41,AB41:AC41,AI41:AS41) -> 0 | E41: =表2_5[[#This Row],[列3]]/$C$61 -> 0 | F41: 否 | U41: =IFERROR(VLOOKUP($A41,$A$86:$X$1000,MATCH(U$25,$A$87:$J$87,0), FALSE), 0) * (LEN($A41) > 0) -> 0 | V41: {=IFERROR(VLOOKUP($A41,$A$86:$X$1000,MATCH(V$25,$A$87:$J$87,0), FALSE), 0) * (LEN($A41) > 0)+SUMPRODUCT( IFERROR(VLOOKUP($G41:$T41, $B$87:$X$1000,MATCH(V$25,$B$87:$X$87,0), FALSE), 0) * (LEN($G41:$T41) > 0) )} -> 0 | W41: =IFERROR(VLOOKUP($A41,$A$86:$X$1000,MATCH(W$25,$A$87:$J$87,0), FALSE), 0) * (LEN($A41) > 0) -> 0 | X41: =IFERROR(VLOOKUP($A41,$A$86:$X$1000,MATCH(X$25,$A$87:$J$87,0), FALSE), 0) * (LEN($A41) > 0) -> 0 | Y41: =(U41*(1+V41)+W41)*(1+X41) -> 0 | Z41: =IFERROR(VLOOKUP($A41,$A$86:$X$1000,MATCH(Z$25,$A$87:$J$87,0), FALSE), 0) * (LEN($A41) > 0) -> 0 | AA41: {=IFERROR(VLOOKUP($A41,$A$86:$X$1000,MATCH(AA$25,$A$87:$J$87,0), FALSE), 0) * (LEN($A41) > 0)+SUMPRODUCT( IFERROR(VLOOKUP($G41:$T41, $B$87:$X$1000,MATCH(AA$25,$B$87:$X$87,0), FALSE), 0) * (LEN($G41:$T41) > 0) )} -> 0 | AB41: {=1+SUMPRODUCT( IFERROR(VLOOKUP($G41:$T41, $B$87:$X$1000,MATCH(AB$25,$B$87:$X$87,0), FALSE), 0) * (LEN($G41:$T41) > 0) )+IFERROR(VLOOKUP($A41,$A$87:$X$1000,MATCH(AB$25,$A$87:$J$87,0), FALSE), 0) * (LEN($A41) > 0)} -> 1 | AC41: {=1+SUMPRODUCT( IFERROR(VLOOKUP($G41:$T41, $B$87:$X$1000,MATCH(AC$25,$B$87:$X$87,0), FALSE), 0) * (LEN($G41:$T41) > 0) )} -> 1 | AD41: {=SUMPRODUCT( IFERROR(VLOOKUP($G41:$T41, $B$87:$X$1000,MATCH(AD$25,$B$87:$X$87,0), FALSE), 0) * (LEN($G41:$T41) > 0) )+IFERROR(VLOOKUP($A41,$A$88:$X$1000,MATCH(AD$25,$A$87:$X$87,0), FALSE), 0) * (LEN($A41) > 0)} -> 0 | AE41: {=SUMPRODUCT( IFERROR(VLOOKUP($G41:$T41, $B$87:$X$1000,MATCH(AE$25,$B$87:$X$87,0), FALSE), 0) * (LEN($G41:$T41) > 0) )+IFERROR(VLOOKUP($A41,$A$88:$X$1000,MATCH(AE$25,$A$87:$X$87,0), FALSE), 0) * (LEN($A41) > 0)} -> 0 | AF41: {=SUMPRODUCT( IFERROR(VLOOKUP($G41:$T41, $B$87:$X$1000,MATCH(AF$25,$B$87:$X$87,0), FALSE), 0) * (LEN($G41:$T41) > 0) )+IFERROR(VLOOKUP($A41,$A$88:$X$1000,MATCH(AF$25,$A$87:$X$87,0), FALSE), 0) * (LEN($A41) > 0)} -> 0 | AG41: {=SUMPRODUCT( IFERROR(VLOOKUP($G41:$T41, $B$87:$X$1000,MATCH(AG$25,$B$87:$X$87,0), FALSE), 0) * (LEN($G41:$T41) > 0) )+IFERROR(VLOOKUP($A41,$A$88:$X$1000,MATCH(AG$25,$A$87:$X$87,0), FALSE), 0) * (LEN($A41) > 0)} -> 0 | AH41: {=SUMPRODUCT( IFERROR(VLOOKUP($G41:$T41, $B$87:$X$1000,MATCH(AH$25,$B$87:$X$87,0), FALSE), 0) * (LEN($G41:$T41) > 0) )+IFERROR(VLOOKUP($A41,$A$88:$X$1000,MATCH(AH$25,$A$87:$X$87,0), FALSE), 0) * (LEN($A41) > 0)} -> 0 | AI41: =1 + AD41 + IF( LEN($A41) > 0, IFERROR( HLOOKUP(RIGHT($A41,2), $AE$25:$AH$80, ROW()-ROW($AE$25) + 1, FALSE), 0 ), 0 ) -> 1 | AJ41: {=1+SUMPRODUCT( IFERROR(VLOOKUP($G41:$T41, $B$87:$X$1000,MATCH(AJ$25,$B$87:$X$87,0), FALSE), 0) * (LEN($G41:$T41) > 0) )} -> 1 | AK41: {=1+SUMPRODUCT( IFERROR(VLOOKUP($G41:$T41, $B$87:$X$1000,MATCH(AK$25,$B$87:$X$87,0), FALSE), 0) * (LEN($G41:$T41) > 0) )} -> 1 | AL41: {=1+SUMPRODUCT( IFERROR(VLOOKUP($G41:$T41, $B$87:$X$1000,MATCH(AL$25,$B$87:$X$87,0), FALSE), 0) * (LEN($G41:$T41) > 0) )} -> 1 | AM41: {=1+SUMPRODUCT( IFERROR(VLOOKUP($G41:$T41, $B$87:$X$1000,MATCH(AM$25,$B$87:$X$87,0), FALSE), 0) * (LEN($G41:$T41) > 0) )} -> 1 | AN41: {=1+SUMPRODUCT( IFERROR(VLOOKUP($G41:$T41, $B$87:$X$1000,MATCH(AN$25,$B$87:$X$87,0), FALSE), 0) * (LEN($G41:$T41) > 0) )} -> 1 | AO41: =IF($F41="是",1.3,1) -> 1 | AQ41: =0.5 -> 0.5
B42: =PRODUCT(Y42:Z42,AC42,AI42:AS42) -> 0 | C42: =B42*(1+表2_5[[#This Row],[列24]]*(表2_5[[#This Row],[列25]]-1)) -> 0 | D42: =PRODUCT(Y42:Z42,AB42:AC42,AI42:AS42) -> 0 | E42: =表2_5[[#This Row],[列3]]/$C$61 -> 0 | F42: 否 | U42: =IFERROR(VLOOKUP($A42,$A$86:$X$1000,MATCH(U$25,$A$87:$J$87,0), FALSE), 0) * (LEN($A42) > 0) -> 0 | V42: {=IFERROR(VLOOKUP($A42,$A$86:$X$1000,MATCH(V$25,$A$87:$J$87,0), FALSE), 0) * (LEN($A42) > 0)+SUMPRODUCT( IFERROR(VLOOKUP($G42:$T42, $B$87:$X$1000,MATCH(V$25,$B$87:$X$87,0), FALSE), 0) * (LEN($G42:$T42) > 0) )} -> 0 | W42: =IFERROR(VLOOKUP($A42,$A$86:$X$1000,MATCH(W$25,$A$87:$J$87,0), FALSE), 0) * (LEN($A42) > 0) -> 0 | X42: =IFERROR(VLOOKUP($A42,$A$86:$X$1000,MATCH(X$25,$A$87:$J$87,0), FALSE), 0) * (LEN($A42) > 0) -> 0 | Y42: =(U42*(1+V42)+W42)*(1+X42) -> 0 | Z42: =IFERROR(VLOOKUP($A42,$A$86:$X$1000,MATCH(Z$25,$A$87:$J$87,0), FALSE), 0) * (LEN($A42) > 0) -> 0 | AA42: {=IFERROR(VLOOKUP($A42,$A$86:$X$1000,MATCH(AA$25,$A$87:$J$87,0), FALSE), 0) * (LEN($A42) > 0)+SUMPRODUCT( IFERROR(VLOOKUP($G42:$T42, $B$87:$X$1000,MATCH(AA$25,$B$87:$X$87,0), FALSE), 0) * (LEN($G42:$T42) > 0) )} -> 0 | AB42: {=1+SUMPRODUCT( IFERROR(VLOOKUP($G42:$T42, $B$87:$X$1000,MATCH(AB$25,$B$87:$X$87,0), FALSE), 0) * (LEN($G42:$T42) > 0) )+IFERROR(VLOOKUP($A42,$A$87:$X$1000,MATCH(AB$25,$A$87:$J$87,0), FALSE), 0) * (LEN($A42) > 0)} -> 1 | AC42: {=1+SUMPRODUCT( IFERROR(VLOOKUP($G42:$T42, $B$87:$X$1000,MATCH(AC$25,$B$87:$X$87,0), FALSE), 0) * (LEN($G42:$T42) > 0) )} -> 1 | AD42: {=SUMPRODUCT( IFERROR(VLOOKUP($G42:$T42, $B$87:$X$1000,MATCH(AD$25,$B$87:$X$87,0), FALSE), 0) * (LEN($G42:$T42) > 0) )+IFERROR(VLOOKUP($A42,$A$88:$X$1000,MATCH(AD$25,$A$87:$X$87,0), FALSE), 0) * (LEN($A42) > 0)} -> 0 | AE42: {=SUMPRODUCT( IFERROR(VLOOKUP($G42:$T42, $B$87:$X$1000,MATCH(AE$25,$B$87:$X$87,0), FALSE), 0) * (LEN($G42:$T42) > 0) )+IFERROR(VLOOKUP($A42,$A$88:$X$1000,MATCH(AE$25,$A$87:$X$87,0), FALSE), 0) * (LEN($A42) > 0)} -> 0 | AF42: {=SUMPRODUCT( IFERROR(VLOOKUP($G42:$T42, $B$87:$X$1000,MATCH(AF$25,$B$87:$X$87,0), FALSE), 0) * (LEN($G42:$T42) > 0) )+IFERROR(VLOOKUP($A42,$A$88:$X$1000,MATCH(AF$25,$A$87:$X$87,0), FALSE), 0) * (LEN($A42) > 0)} -> 0 | AG42: {=SUMPRODUCT( IFERROR(VLOOKUP($G42:$T42, $B$87:$X$1000,MATCH(AG$25,$B$87:$X$87,0), FALSE), 0) * (LEN($G42:$T42) > 0) )+IFERROR(VLOOKUP($A42,$A$88:$X$1000,MATCH(AG$25,$A$87:$X$87,0), FALSE), 0) * (LEN($A42) > 0)} -> 0 | AH42: {=SUMPRODUCT( IFERROR(VLOOKUP($G42:$T42, $B$87:$X$1000,MATCH(AH$25,$B$87:$X$87,0), FALSE), 0) * (LEN($G42:$T42) > 0) )+IFERROR(VLOOKUP($A42,$A$88:$X$1000,MATCH(AH$25,$A$87:$X$87,0), FALSE), 0) * (LEN($A42) > 0)} -> 0 | AI42: =1 + AD42 + IF( LEN($A42) > 0, IFERROR( HLOOKUP(RIGHT($A42,2), $AE$25:$AH$80, ROW()-ROW($AE$25) + 1, FALSE), 0 ), 0 ) -> 1 | AJ42: {=1+SUMPRODUCT( IFERROR(VLOOKUP($G42:$T42, $B$87:$X$1000,MATCH(AJ$25,$B$87:$X$87,0), FALSE), 0) * (LEN($G42:$T42) > 0) )} -> 1 | AK42: {=1+SUMPRODUCT( IFERROR(VLOOKUP($G42:$T42, $B$87:$X$1000,MATCH(AK$25,$B$87:$X$87,0), FALSE), 0) * (LEN($G42:$T42) > 0) )} -> 1 | AL42: {=1+SUMPRODUCT( IFERROR(VLOOKUP($G42:$T42, $B$87:$X$1000,MATCH(AL$25,$B$87:$X$87,0), FALSE), 0) * (LEN($G42:$T42) > 0) )} -> 1 | AM42: {=1+SUMPRODUCT( IFERROR(VLOOKUP($G42:$T42, $B$87:$X$1000,MATCH(AM$25,$B$87:$X$87,0), FALSE), 0) * (LEN($G42:$T42) > 0) )} -> 1 | AN42: {=1+SUMPRODUCT( IFERROR(VLOOKUP($G42:$T42, $B$87:$X$1000,MATCH(AN$25,$B$87:$X$87,0), FALSE), 0) * (LEN($G42:$T42) > 0) )} -> 1 | AO42: =IF($F42="是",1.3,1) -> 1 | AQ42: =0.5 -> 0.5
B43: =PRODUCT(Y43:Z43,AC43,AI43:AS43) -> 0 | C43: =B43*(1+表2_5[[#This Row],[列24]]*(表2_5[[#This Row],[列25]]-1)) -> 0 | D43: =PRODUCT(Y43:Z43,AB43:AC43,AI43:AS43) -> 0 | E43: =表2_5[[#This Row],[列3]]/$C$61 -> 0 | F43: 否 | U43: =IFERROR(VLOOKUP($A43,$A$86:$X$1000,MATCH(U$25,$A$87:$J$87,0), FALSE), 0) * (LEN($A43) > 0) -> 0 | V43: {=IFERROR(VLOOKUP($A43,$A$86:$X$1000,MATCH(V$25,$A$87:$J$87,0), FALSE), 0) * (LEN($A43) > 0)+SUMPRODUCT( IFERROR(VLOOKUP($G43:$T43, $B$87:$X$1000,MATCH(V$25,$B$87:$X$87,0), FALSE), 0) * (LEN($G43:$T43) > 0) )} -> 0 | W43: =IFERROR(VLOOKUP($A43,$A$86:$X$1000,MATCH(W$25,$A$87:$J$87,0), FALSE), 0) * (LEN($A43) > 0) -> 0 | X43: =IFERROR(VLOOKUP($A43,$A$86:$X$1000,MATCH(X$25,$A$87:$J$87,0), FALSE), 0) * (LEN($A43) > 0) -> 0 | Y43: =(U43*(1+V43)+W43)*(1+X43) -> 0 | Z43: =IFERROR(VLOOKUP($A43,$A$86:$X$1000,MATCH(Z$25,$A$87:$J$87,0), FALSE), 0) * (LEN($A43) > 0) -> 0 | AA43: {=IFERROR(VLOOKUP($A43,$A$86:$X$1000,MATCH(AA$25,$A$87:$J$87,0), FALSE), 0) * (LEN($A43) > 0)+SUMPRODUCT( IFERROR(VLOOKUP($G43:$T43, $B$87:$X$1000,MATCH(AA$25,$B$87:$X$87,0), FALSE), 0) * (LEN($G43:$T43) > 0) )} -> 0 | AB43: {=1+SUMPRODUCT( IFERROR(VLOOKUP($G43:$T43, $B$87:$X$1000,MATCH(AB$25,$B$87:$X$87,0), FALSE), 0) * (LEN($G43:$T43) > 0) )+IFERROR(VLOOKUP($A43,$A$87:$X$1000,MATCH(AB$25,$A$87:$J$87,0), FALSE), 0) * (LEN($A43) > 0)} -> 1 | AC43: {=1+SUMPRODUCT( IFERROR(VLOOKUP($G43:$T43, $B$87:$X$1000,MATCH(AC$25,$B$87:$X$87,0), FALSE), 0) * (LEN($G43:$T43) > 0) )} -> 1 | AD43: {=SUMPRODUCT( IFERROR(VLOOKUP($G43:$T43, $B$87:$X$1000,MATCH(AD$25,$B$87:$X$87,0), FALSE), 0) * (LEN($G43:$T43) > 0) )+IFERROR(VLOOKUP($A43,$A$88:$X$1000,MATCH(AD$25,$A$87:$X$87,0), FALSE), 0) * (LEN($A43) > 0)} -> 0 | AE43: {=SUMPRODUCT( IFERROR(VLOOKUP($G43:$T43, $B$87:$X$1000,MATCH(AE$25,$B$87:$X$87,0), FALSE), 0) * (LEN($G43:$T43) > 0) )+IFERROR(VLOOKUP($A43,$A$88:$X$1000,MATCH(AE$25,$A$87:$X$87,0), FALSE), 0) * (LEN($A43) > 0)} -> 0 | AF43: {=SUMPRODUCT( IFERROR(VLOOKUP($G43:$T43, $B$87:$X$1000,MATCH(AF$25,$B$87:$X$87,0), FALSE), 0) * (LEN($G43:$T43) > 0) )+IFERROR(VLOOKUP($A43,$A$88:$X$1000,MATCH(AF$25,$A$87:$X$87,0), FALSE), 0) * (LEN($A43) > 0)} -> 0 | AG43: {=SUMPRODUCT( IFERROR(VLOOKUP($G43:$T43, $B$87:$X$1000,MATCH(AG$25,$B$87:$X$87,0), FALSE), 0) * (LEN($G43:$T43) > 0) )+IFERROR(VLOOKUP($A43,$A$88:$X$1000,MATCH(AG$25,$A$87:$X$87,0), FALSE), 0) * (LEN($A43) > 0)} -> 0 | AH43: {=SUMPRODUCT( IFERROR(VLOOKUP($G43:$T43, $B$87:$X$1000,MATCH(AH$25,$B$87:$X$87,0), FALSE), 0) * (LEN($G43:$T43) > 0) )+IFERROR(VLOOKUP($A43,$A$88:$X$1000,MATCH(AH$25,$A$87:$X$87,0), FALSE), 0) * (LEN($A43) > 0)} -> 0 | AI43: =1 + AD43 + IF( LEN($A43) > 0, IFERROR( HLOOKUP(RIGHT($A43,2), $AE$25:$AH$80, ROW()-ROW($AE$25) + 1, FALSE), 0 ), 0 ) -> 1 | AJ43: {=1+SUMPRODUCT( IFERROR(VLOOKUP($G43:$T43, $B$87:$X$1000,MATCH(AJ$25,$B$87:$X$87,0), FALSE), 0) * (LEN($G43:$T43) > 0) )} -> 1 | AK43: {=1+SUMPRODUCT( IFERROR(VLOOKUP($G43:$T43, $B$87:$X$1000,MATCH(AK$25,$B$87:$X$87,0), FALSE), 0) * (LEN($G43:$T43) > 0) )} -> 1 | AL43: {=1+SUMPRODUCT( IFERROR(VLOOKUP($G43:$T43, $B$87:$X$1000,MATCH(AL$25,$B$87:$X$87,0), FALSE), 0) * (LEN($G43:$T43) > 0) )} -> 1 | AM43: {=1+SUMPRODUCT( IFERROR(VLOOKUP($G43:$T43, $B$87:$X$1000,MATCH(AM$25,$B$87:$X$87,0), FALSE), 0) * (LEN($G43:$T43) > 0) )} -> 1 | AN43: {=1+SUMPRODUCT( IFERROR(VLOOKUP($G43:$T43, $B$87:$X$1000,MATCH(AN$25,$B$87:$X$87,0), FALSE), 0) * (LEN($G43:$T43) > 0) )} -> 1 | AO43: =IF($F43="是",1.3,1) -> 1 | AQ43: =0.5 -> 0.5
B44: =PRODUCT(Y44:Z44,AC44,AI44:AS44) -> 0 | C44: =B44*(1+表2_5[[#This Row],[列24]]*(表2_5[[#This Row],[列25]]-1)) -> 0 | D44: =PRODUCT(Y44:Z44,AB44:AC44,AI44:AS44) -> 0 | E44: =表2_5[[#This Row],[列3]]/$C$61 -> 0 | F44: 否 | U44: =IFERROR(VLOOKUP($A44,$A$86:$X$1000,MATCH(U$25,$A$87:$J$87,0), FALSE), 0) * (LEN($A44) > 0) -> 0 | V44: {=IFERROR(VLOOKUP($A44,$A$86:$X$1000,MATCH(V$25,$A$87:$J$87,0), FALSE), 0) * (LEN($A44) > 0)+SUMPRODUCT( IFERROR(VLOOKUP($G44:$T44, $B$87:$X$1000,MATCH(V$25,$B$87:$X$87,0), FALSE), 0) * (LEN($G44:$T44) > 0) )} -> 0 | W44: =IFERROR(VLOOKUP($A44,$A$86:$X$1000,MATCH(W$25,$A$87:$J$87,0), FALSE), 0) * (LEN($A44) > 0) -> 0 | X44: =IFERROR(VLOOKUP($A44,$A$86:$X$1000,MATCH(X$25,$A$87:$J$87,0), FALSE), 0) * (LEN($A44) > 0) -> 0 | Y44: =(U44*(1+V44)+W44)*(1+X44) -> 0 | Z44: =IFERROR(VLOOKUP($A44,$A$86:$X$1000,MATCH(Z$25,$A$87:$J$87,0), FALSE), 0) * (LEN($A44) > 0) -> 0 | AA44: {=IFERROR(VLOOKUP($A44,$A$86:$X$1000,MATCH(AA$25,$A$87:$J$87,0), FALSE), 0) * (LEN($A44) > 0)+SUMPRODUCT( IFERROR(VLOOKUP($G44:$T44, $B$87:$X$1000,MATCH(AA$25,$B$87:$X$87,0), FALSE), 0) * (LEN($G44:$T44) > 0) )} -> 0 | AB44: {=1+SUMPRODUCT( IFERROR(VLOOKUP($G44:$T44, $B$87:$X$1000,MATCH(AB$25,$B$87:$X$87,0), FALSE), 0) * (LEN($G44:$T44) > 0) )+IFERROR(VLOOKUP($A44,$A$87:$X$1000,MATCH(AB$25,$A$87:$J$87,0), FALSE), 0) * (LEN($A44) > 0)} -> 1 | AC44: {=1+SUMPRODUCT( IFERROR(VLOOKUP($G44:$T44, $B$87:$X$1000,MATCH(AC$25,$B$87:$X$87,0), FALSE), 0) * (LEN($G44:$T44) > 0) )} -> 1 | AD44: {=SUMPRODUCT( IFERROR(VLOOKUP($G44:$T44, $B$87:$X$1000,MATCH(AD$25,$B$87:$X$87,0), FALSE), 0) * (LEN($G44:$T44) > 0) )+IFERROR(VLOOKUP($A44,$A$88:$X$1000,MATCH(AD$25,$A$87:$X$87,0), FALSE), 0) * (LEN($A44) > 0)} -> 0 | AE44: {=SUMPRODUCT( IFERROR(VLOOKUP($G44:$T44, $B$87:$X$1000,MATCH(AE$25,$B$87:$X$87,0), FALSE), 0) * (LEN($G44:$T44) > 0) )+IFERROR(VLOOKUP($A44,$A$88:$X$1000,MATCH(AE$25,$A$87:$X$87,0), FALSE), 0) * (LEN($A44) > 0)} -> 0 | AF44: {=SUMPRODUCT( IFERROR(VLOOKUP($G44:$T44, $B$87:$X$1000,MATCH(AF$25,$B$87:$X$87,0), FALSE), 0) * (LEN($G44:$T44) > 0) )+IFERROR(VLOOKUP($A44,$A$88:$X$1000,MATCH(AF$25,$A$87:$X$87,0), FALSE), 0) * (LEN($A44) > 0)} -> 0 | AG44: {=SUMPRODUCT( IFERROR(VLOOKUP($G44:$T44, $B$87:$X$1000,MATCH(AG$25,$B$87:$X$87,0), FALSE), 0) * (LEN($G44:$T44) > 0) )+IFERROR(VLOOKUP($A44,$A$88:$X$1000,MATCH(AG$25,$A$87:$X$87,0), FALSE), 0) * (LEN($A44) > 0)} -> 0 | AH44: {=SUMPRODUCT( IFERROR(VLOOKUP($G44:$T44, $B$87:$X$1000,MATCH(AH$25,$B$87:$X$87,0), FALSE), 0) * (LEN($G44:$T44) > 0) )+IFERROR(VLOOKUP($A44,$A$88:$X$1000,MATCH(AH$25,$A$87:$X$87,0), FALSE), 0) * (LEN($A44) > 0)} -> 0 | AI44: =1 + AD44 + IF( LEN($A44) > 0, IFERROR( HLOOKUP(RIGHT($A44,2), $AE$25:$AH$80, ROW()-ROW($AE$25) + 1, FALSE), 0 ), 0 ) -> 1 | AJ44: {=1+SUMPRODUCT( IFERROR(VLOOKUP($G44:$T44, $B$87:$X$1000,MATCH(AJ$25,$B$87:$X$87,0), FALSE), 0) * (LEN($G44:$T44) > 0) )} -> 1 | AK44: {=1+SUMPRODUCT( IFERROR(VLOOKUP($G44:$T44, $B$87:$X$1000,MATCH(AK$25,$B$87:$X$87,0), FALSE), 0) * (LEN($G44:$T44) > 0) )} -> 1 | AL44: {=1+SUMPRODUCT( IFERROR(VLOOKUP($G44:$T44, $B$87:$X$1000,MATCH(AL$25,$B$87:$X$87,0), FALSE), 0) * (LEN($G44:$T44) > 0) )} -> 1 | AM44: {=1+SUMPRODUCT( IFERROR(VLOOKUP($G44:$T44, $B$87:$X$1000,MATCH(AM$25,$B$87:$X$87,0), FALSE), 0) * (LEN($G44:$T44) > 0) )} -> 1 | AN44: {=1+SUMPRODUCT( IFERROR(VLOOKUP($G44:$T44, $B$87:$X$1000,MATCH(AN$25,$B$87:$X$87,0), FALSE), 0) * (LEN($G44:$T44) > 0) )} -> 1 | AO44: =IF($F44="是",1.3,1) -> 1 | AQ44: =0.5 -> 0.5
B45: =PRODUCT(Y45:Z45,AC45,AI45:AS45) -> 0 | C45: =B45*(1+表2_5[[#This Row],[列24]]*(表2_5[[#This Row],[列25]]-1)) -> 0 | D45: =PRODUCT(Y45:Z45,AB45:AC45,AI45:AS45) -> 0 | E45: =表2_5[[#This Row],[列3]]/$C$61 -> 0 | F45: 否 | U45: =IFERROR(VLOOKUP($A45,$A$86:$X$1000,MATCH(U$25,$A$87:$J$87,0), FALSE), 0) * (LEN($A45) > 0) -> 0 | V45: {=IFERROR(VLOOKUP($A45,$A$86:$X$1000,MATCH(V$25,$A$87:$J$87,0), FALSE), 0) * (LEN($A45) > 0)+SUMPRODUCT( IFERROR(VLOOKUP($G45:$T45, $B$87:$X$1000,MATCH(V$25,$B$87:$X$87,0), FALSE), 0) * (LEN($G45:$T45) > 0) )} -> 0 | W45: =IFERROR(VLOOKUP($A45,$A$86:$X$1000,MATCH(W$25,$A$87:$J$87,0), FALSE), 0) * (LEN($A45) > 0) -> 0 | X45: =IFERROR(VLOOKUP($A45,$A$86:$X$1000,MATCH(X$25,$A$87:$J$87,0), FALSE), 0) * (LEN($A45) > 0) -> 0 | Y45: =(U45*(1+V45)+W45)*(1+X45) -> 0 | Z45: =IFERROR(VLOOKUP($A45,$A$86:$X$1000,MATCH(Z$25,$A$87:$J$87,0), FALSE), 0) * (LEN($A45) > 0) -> 0 | AA45: {=IFERROR(VLOOKUP($A45,$A$86:$X$1000,MATCH(AA$25,$A$87:$J$87,0), FALSE), 0) * (LEN($A45) > 0)+SUMPRODUCT( IFERROR(VLOOKUP($G45:$T45, $B$87:$X$1000,MATCH(AA$25,$B$87:$X$87,0), FALSE), 0) * (LEN($G45:$T45) > 0) )} -> 0 | AB45: {=1+SUMPRODUCT( IFERROR(VLOOKUP($G45:$T45, $B$87:$X$1000,MATCH(AB$25,$B$87:$X$87,0), FALSE), 0) * (LEN($G45:$T45) > 0) )+IFERROR(VLOOKUP($A45,$A$87:$X$1000,MATCH(AB$25,$A$87:$J$87,0), FALSE), 0) * (LEN($A45) > 0)} -> 1 | AC45: {=1+SUMPRODUCT( IFERROR(VLOOKUP($G45:$T45, $B$87:$X$1000,MATCH(AC$25,$B$87:$X$87,0), FALSE), 0) * (LEN($G45:$T45) > 0) )} -> 1 | AD45: {=SUMPRODUCT( IFERROR(VLOOKUP($G45:$T45, $B$87:$X$1000,MATCH(AD$25,$B$87:$X$87,0), FALSE), 0) * (LEN($G45:$T45) > 0) )+IFERROR(VLOOKUP($A45,$A$88:$X$1000,MATCH(AD$25,$A$87:$X$87,0), FALSE), 0) * (LEN($A45) > 0)} -> 0 | AE45: {=SUMPRODUCT( IFERROR(VLOOKUP($G45:$T45, $B$87:$X$1000,MATCH(AE$25,$B$87:$X$87,0), FALSE), 0) * (LEN($G45:$T45) > 0) )+IFERROR(VLOOKUP($A45,$A$88:$X$1000,MATCH(AE$25,$A$87:$X$87,0), FALSE), 0) * (LEN($A45) > 0)} -> 0 | AF45: {=SUMPRODUCT( IFERROR(VLOOKUP($G45:$T45, $B$87:$X$1000,MATCH(AF$25,$B$87:$X$87,0), FALSE), 0) * (LEN($G45:$T45) > 0) )+IFERROR(VLOOKUP($A45,$A$88:$X$1000,MATCH(AF$25,$A$87:$X$87,0), FALSE), 0) * (LEN($A45) > 0)} -> 0 | AG45: {=SUMPRODUCT( IFERROR(VLOOKUP($G45:$T45, $B$87:$X$1000,MATCH(AG$25,$B$87:$X$87,0), FALSE), 0) * (LEN($G45:$T45) > 0) )+IFERROR(VLOOKUP($A45,$A$88:$X$1000,MATCH(AG$25,$A$87:$X$87,0), FALSE), 0) * (LEN($A45) > 0)} -> 0 | AH45: {=SUMPRODUCT( IFERROR(VLOOKUP($G45:$T45, $B$87:$X$1000,MATCH(AH$25,$B$87:$X$87,0), FALSE), 0) * (LEN($G45:$T45) > 0) )+IFERROR(VLOOKUP($A45,$A$88:$X$1000,MATCH(AH$25,$A$87:$X$87,0), FALSE), 0) * (LEN($A45) > 0)} -> 0 | AI45: =1 + AD45 + IF( LEN($A45) > 0, IFERROR( HLOOKUP(RIGHT($A45,2), $AE$25:$AH$80, ROW()-ROW($AE$25) + 1, FALSE), 0 ), 0 ) -> 1 | AJ45: {=1+SUMPRODUCT( IFERROR(VLOOKUP($G45:$T45, $B$87:$X$1000,MATCH(AJ$25,$B$87:$X$87,0), FALSE), 0) * (LEN($G45:$T45) > 0) )} -> 1 | AK45: {=1+SUMPRODUCT( IFERROR(VLOOKUP($G45:$T45, $B$87:$X$1000,MATCH(AK$25,$B$87:$X$87,0), FALSE), 0) * (LEN($G45:$T45) > 0) )} -> 1 | AL45: {=1+SUMPRODUCT( IFERROR(VLOOKUP($G45:$T45, $B$87:$X$1000,MATCH(AL$25,$B$87:$X$87,0), FALSE), 0) * (LEN($G45:$T45) > 0) )} -> 1 | AM45: {=1+SUMPRODUCT( IFERROR(VLOOKUP($G45:$T45, $B$87:$X$1000,MATCH(AM$25,$B$87:$X$87,0), FALSE), 0) * (LEN($G45:$T45) > 0) )} -> 1 | AN45: {=1+SUMPRODUCT( IFERROR(VLOOKUP($G45:$T45, $B$87:$X$1000,MATCH(AN$25,$B$87:$X$87,0), FALSE), 0) * (LEN($G45:$T45) > 0) )} -> 1 | AO45: =IF($F45="是",1.3,1) -> 1 | AQ45: =0.5 -> 0.5
B46: =PRODUCT(Y46:Z46,AC46,AI46:AS46) -> 0 | C46: =B46*(1+表2_5[[#This Row],[列24]]*(表2_5[[#This Row],[列25]]-1)) -> 0 | D46: =PRODUCT(Y46:Z46,AB46:AC46,AI46:AS46) -> 0 | F46: 否 | U46: =IFERROR(VLOOKUP($A46,$A$86:$X$1000,MATCH(U$25,$A$87:$J$87,0), FALSE), 0) * (LEN($A46) > 0) -> 0 | V46: {=IFERROR(VLOOKUP($A46,$A$86:$X$1000,MATCH(V$25,$A$87:$J$87,0), FALSE), 0) * (LEN($A46) > 0)+SUMPRODUCT( IFERROR(VLOOKUP($G46:$T46, $B$87:$X$1000,MATCH(V$25,$B$87:$X$87,0), FALSE), 0) * (LEN($G46:$T46) > 0) )} -> 0 | W46: =IFERROR(VLOOKUP($A46,$A$86:$X$1000,MATCH(W$25,$A$87:$J$87,0), FALSE), 0) * (LEN($A46) > 0) -> 0 | X46: =IFERROR(VLOOKUP($A46,$A$86:$X$1000,MATCH(X$25,$A$87:$J$87,0), FALSE), 0) * (LEN($A46) > 0) -> 0 | Y46: =(U46*(1+V46)+W46)*(1+X46) -> 0 | Z46: =IFERROR(VLOOKUP($A46,$A$86:$X$1000,MATCH(Z$25,$A$87:$J$87,0), FALSE), 0) * (LEN($A46) > 0) -> 0 | AA46: {=IFERROR(VLOOKUP($A46,$A$86:$X$1000,MATCH(AA$25,$A$87:$J$87,0), FALSE), 0) * (LEN($A46) > 0)+SUMPRODUCT( IFERROR(VLOOKUP($G46:$T46, $B$87:$X$1000,MATCH(AA$25,$B$87:$X$87,0), FALSE), 0) * (LEN($G46:$T46) > 0) )} -> 0 | AB46: {=1+SUMPRODUCT( IFERROR(VLOOKUP($G46:$T46, $B$87:$X$1000,MATCH(AB$25,$B$87:$X$87,0), FALSE), 0) * (LEN($G46:$T46) > 0) )+IFERROR(VLOOKUP($A46,$A$87:$X$1000,MATCH(AB$25,$A$87:$J$87,0), FALSE), 0) * (LEN($A46) > 0)} -> 1 | AC46: {=1+SUMPRODUCT( IFERROR(VLOOKUP($G46:$T46, $B$87:$X$1000,MATCH(AC$25,$B$87:$X$87,0), FALSE), 0) * (LEN($G46:$T46) > 0) )} -> 1 | AD46: {=SUMPRODUCT( IFERROR(VLOOKUP($G46:$T46, $B$87:$X$1000,MATCH(AD$25,$B$87:$X$87,0), FALSE), 0) * (LEN($G46:$T46) > 0) )+IFERROR(VLOOKUP($A46,$A$88:$X$1000,MATCH(AD$25,$A$87:$X$87,0), FALSE), 0) * (LEN($A46) > 0)} -> 0 | AE46: {=SUMPRODUCT( IFERROR(VLOOKUP($G46:$T46, $B$87:$X$1000,MATCH(AE$25,$B$87:$X$87,0), FALSE), 0) * (LEN($G46:$T46) > 0) )+IFERROR(VLOOKUP($A46,$A$88:$X$1000,MATCH(AE$25,$A$87:$X$87,0), FALSE), 0) * (LEN($A46) > 0)} -> 0 | AF46: {=SUMPRODUCT( IFERROR(VLOOKUP($G46:$T46, $B$87:$X$1000,MATCH(AF$25,$B$87:$X$87,0), FALSE), 0) * (LEN($G46:$T46) > 0) )+IFERROR(VLOOKUP($A46,$A$88:$X$1000,MATCH(AF$25,$A$87:$X$87,0), FALSE), 0) * (LEN($A46) > 0)} -> 0 | AG46: {=SUMPRODUCT( IFERROR(VLOOKUP($G46:$T46, $B$87:$X$1000,MATCH(AG$25,$B$87:$X$87,0), FALSE), 0) * (LEN($G46:$T46) > 0) )+IFERROR(VLOOKUP($A46,$A$88:$X$1000,MATCH(AG$25,$A$87:$X$87,0), FALSE), 0) * (LEN($A46) > 0)} -> 0 | AH46: {=SUMPRODUCT( IFERROR(VLOOKUP($G46:$T46, $B$87:$X$1000,MATCH(AH$25,$B$87:$X$87,0), FALSE), 0) * (LEN($G46:$T46) > 0) )+IFERROR(VLOOKUP($A46,$A$88:$X$1000,MATCH(AH$25,$A$87:$X$87,0), FALSE), 0) * (LEN($A46) > 0)} -> 0 | AI46: =1 + AD46 + IF( LEN($A46) > 0, IFERROR( HLOOKUP(RIGHT($A46,2), $AE$25:$AH$80, ROW()-ROW($AE$25) + 1, FALSE), 0 ), 0 ) -> 1 | AJ46: {=1+SUMPRODUCT( IFERROR(VLOOKUP($G46:$T46, $B$87:$X$1000,MATCH(AJ$25,$B$87:$X$87,0), FALSE), 0) * (LEN($G46:$T46) > 0) )} -> 1 | AK46: {=1+SUMPRODUCT( IFERROR(VLOOKUP($G46:$T46, $B$87:$X$1000,MATCH(AK$25,$B$87:$X$87,0), FALSE), 0) * (LEN($G46:$T46) > 0) )} -> 1 | AL46: {=1+SUMPRODUCT( IFERROR(VLOOKUP($G46:$T46, $B$87:$X$1000,MATCH(AL$25,$B$87:$X$87,0), FALSE), 0) * (LEN($G46:$T46) > 0) )} -> 1 | AM46: {=1+SUMPRODUCT( IFERROR(VLOOKUP($G46:$T46, $B$87:$X$1000,MATCH(AM$25,$B$87:$X$87,0), FALSE), 0) * (LEN($G46:$T46) > 0) )} -> 1 | AN46: {=1+SUMPRODUCT( IFERROR(VLOOKUP($G46:$T46, $B$87:$X$1000,MATCH(AN$25,$B$87:$X$87,0), FALSE), 0) * (LEN($G46:$T46) > 0) )} -> 1 | AO46: =IF($F46="是",1.3,1) -> 1 | AQ46: =0.5 -> 0.5
B47: =PRODUCT(Y47:Z47,AC47,AI47:AS47) -> 0 | C47: =B47*(1+表2_5[[#This Row],[列24]]*(表2_5[[#This Row],[列25]]-1)) -> 0 | D47: =PRODUCT(Y47:Z47,AB47:AC47,AI47:AS47) -> 0 | U47: =IFERROR(VLOOKUP($A47,$A$86:$X$1000,MATCH(U$25,$A$87:$J$87,0), FALSE), 0) * (LEN($A47) > 0) -> 0 | V47: {=IFERROR(VLOOKUP($A47,$A$86:$X$1000,MATCH(V$25,$A$87:$J$87,0), FALSE), 0) * (LEN($A47) > 0)+SUMPRODUCT( IFERROR(VLOOKUP($G47:$T47, $B$87:$X$1000,MATCH(V$25,$B$87:$X$87,0), FALSE), 0) * (LEN($G47:$T47) > 0) )} -> 0 | W47: =IFERROR(VLOOKUP($A47,$A$86:$X$1000,MATCH(W$25,$A$87:$J$87,0), FALSE), 0) * (LEN($A47) > 0) -> 0 | X47: =IFERROR(VLOOKUP($A47,$A$86:$X$1000,MATCH(X$25,$A$87:$J$87,0), FALSE), 0) * (LEN($A47) > 0) -> 0 | Y47: =(U47*(1+V47)+W47)*(1+X47) -> 0 | Z47: =IFERROR(VLOOKUP($A47,$A$86:$X$1000,MATCH(Z$25,$A$87:$J$87,0), FALSE), 0) * (LEN($A47) > 0) -> 0 | AA47: {=IFERROR(VLOOKUP($A47,$A$86:$X$1000,MATCH(AA$25,$A$87:$J$87,0), FALSE), 0) * (LEN($A47) > 0)+SUMPRODUCT( IFERROR(VLOOKUP($G47:$T47, $B$87:$X$1000,MATCH(AA$25,$B$87:$X$87,0), FALSE), 0) * (LEN($G47:$T47) > 0) )} -> 0 | AB47: {=1+SUMPRODUCT( IFERROR(VLOOKUP($G47:$T47, $B$87:$X$1000,MATCH(AB$25,$B$87:$X$87,0), FALSE), 0) * (LEN($G47:$T47) > 0) )+IFERROR(VLOOKUP($A47,$A$87:$X$1000,MATCH(AB$25,$A$87:$J$87,0), FALSE), 0) * (LEN($A47) > 0)} -> 1 | AC47: {=1+SUMPRODUCT( IFERROR(VLOOKUP($G47:$T47, $B$87:$X$1000,MATCH(AC$25,$B$87:$X$87,0), FALSE), 0) * (LEN($G47:$T47) > 0) )} -> 1 | AD47: {=SUMPRODUCT( IFERROR(VLOOKUP($G47:$T47, $B$87:$X$1000,MATCH(AD$25,$B$87:$X$87,0), FALSE), 0) * (LEN($G47:$T47) > 0) )+IFERROR(VLOOKUP($A47,$A$88:$X$1000,MATCH(AD$25,$A$87:$X$87,0), FALSE), 0) * (LEN($A47) > 0)} -> 0 | AE47: {=SUMPRODUCT( IFERROR(VLOOKUP($G47:$T47, $B$87:$X$1000,MATCH(AE$25,$B$87:$X$87,0), FALSE), 0) * (LEN($G47:$T47) > 0) )+IFERROR(VLOOKUP($A47,$A$88:$X$1000,MATCH(AE$25,$A$87:$X$87,0), FALSE), 0) * (LEN($A47) > 0)} -> 0 | AF47: {=SUMPRODUCT( IFERROR(VLOOKUP($G47:$T47, $B$87:$X$1000,MATCH(AF$25,$B$87:$X$87,0), FALSE), 0) * (LEN($G47:$T47) > 0) )+IFERROR(VLOOKUP($A47,$A$88:$X$1000,MATCH(AF$25,$A$87:$X$87,0), FALSE), 0) * (LEN($A47) > 0)} -> 0 | AG47: {=SUMPRODUCT( IFERROR(VLOOKUP($G47:$T47, $B$87:$X$1000,MATCH(AG$25,$B$87:$X$87,0), FALSE), 0) * (LEN($G47:$T47) > 0) )+IFERROR(VLOOKUP($A47,$A$88:$X$1000,MATCH(AG$25,$A$87:$X$87,0), FALSE), 0) * (LEN($A47) > 0)} -> 0 | AH47: {=SUMPRODUCT( IFERROR(VLOOKUP($G47:$T47, $B$87:$X$1000,MATCH(AH$25,$B$87:$X$87,0), FALSE), 0) * (LEN($G47:$T47) > 0) )+IFERROR(VLOOKUP($A47,$A$88:$X$1000,MATCH(AH$25,$A$87:$X$87,0), FALSE), 0) * (LEN($A47) > 0)} -> 0 | AI47: =1 + AD47 + IF( LEN($A47) > 0, IFERROR( HLOOKUP(RIGHT($A47,2), $AE$25:$AH$80, ROW()-ROW($AE$25) + 1, FALSE), 0 ), 0 ) -> 1 | AJ47: {=1+SUMPRODUCT( IFERROR(VLOOKUP($G47:$T47, $B$87:$X$1000,MATCH(AJ$25,$B$87:$X$87,0), FALSE), 0) * (LEN($G47:$T47) > 0) )} -> 1 | AK47: {=1+SUMPRODUCT( IFERROR(VLOOKUP($G47:$T47, $B$87:$X$1000,MATCH(AK$25,$B$87:$X$87,0), FALSE), 0) * (LEN($G47:$T47) > 0) )} -> 1 | AL47: {=1+SUMPRODUCT( IFERROR(VLOOKUP($G47:$T47, $B$87:$X$1000,MATCH(AL$25,$B$87:$X$87,0), FALSE), 0) * (LEN($G47:$T47) > 0) )} -> 1 | AM47: {=1+SUMPRODUCT( IFERROR(VLOOKUP($G47:$T47, $B$87:$X$1000,MATCH(AM$25,$B$87:$X$87,0), FALSE), 0) * (LEN($G47:$T47) > 0) )} -> 1 | AN47: {=1+SUMPRODUCT( IFERROR(VLOOKUP($G47:$T47, $B$87:$X$1000,MATCH(AN$25,$B$87:$X$87,0), FALSE), 0) * (LEN($G47:$T47) > 0) )} -> 1 | AO47: =IF($F47="是",1.3,1) -> 1 | AQ47: =0.5 -> 0.5
B48: =PRODUCT(Y48:Z48,AC48,AI48:AS48) -> 0 | C48: =B48*(1+表2_5[[#This Row],[列24]]*(表2_5[[#This Row],[列25]]-1)) -> 0 | D48: =PRODUCT(Y48:Z48,AB48:AC48,AI48:AS48) -> 0 | F48: 否 | U48: =IFERROR(VLOOKUP($A48,$A$86:$X$1000,MATCH(U$25,$A$87:$J$87,0), FALSE), 0) * (LEN($A48) > 0) -> 0 | V48: {=IFERROR(VLOOKUP($A48,$A$86:$X$1000,MATCH(V$25,$A$87:$J$87,0), FALSE), 0) * (LEN($A48) > 0)+SUMPRODUCT( IFERROR(VLOOKUP($G48:$T48, $B$87:$X$1000,MATCH(V$25,$B$87:$X$87,0), FALSE), 0) * (LEN($G48:$T48) > 0) )} -> 0 | W48: =IFERROR(VLOOKUP($A48,$A$86:$X$1000,MATCH(W$25,$A$87:$J$87,0), FALSE), 0) * (LEN($A48) > 0) -> 0 | X48: =IFERROR(VLOOKUP($A48,$A$86:$X$1000,MATCH(X$25,$A$87:$J$87,0), FALSE), 0) * (LEN($A48) > 0) -> 0 | Y48: =(U48*(1+V48)+W48)*(1+X48) -> 0 | Z48: =IFERROR(VLOOKUP($A48,$A$86:$X$1000,MATCH(Z$25,$A$87:$J$87,0), FALSE), 0) * (LEN($A48) > 0) -> 0 | AA48: {=IFERROR(VLOOKUP($A48,$A$86:$X$1000,MATCH(AA$25,$A$87:$J$87,0), FALSE), 0) * (LEN($A48) > 0)+SUMPRODUCT( IFERROR(VLOOKUP($G48:$T48, $B$87:$X$1000,MATCH(AA$25,$B$87:$X$87,0), FALSE), 0) * (LEN($G48:$T48) > 0) )} -> 0 | AB48: {=1+SUMPRODUCT( IFERROR(VLOOKUP($G48:$T48, $B$87:$X$1000,MATCH(AB$25,$B$87:$X$87,0), FALSE), 0) * (LEN($G48:$T48) > 0) )+IFERROR(VLOOKUP($A48,$A$87:$X$1000,MATCH(AB$25,$A$87:$J$87,0), FALSE), 0) * (LEN($A48) > 0)} -> 1 | AC48: {=1+SUMPRODUCT( IFERROR(VLOOKUP($G48:$T48, $B$87:$X$1000,MATCH(AC$25,$B$87:$X$87,0), FALSE), 0) * (LEN($G48:$T48) > 0) )} -> 1 | AD48: {=SUMPRODUCT( IFERROR(VLOOKUP($G48:$T48, $B$87:$X$1000,MATCH(AD$25,$B$87:$X$87,0), FALSE), 0) * (LEN($G48:$T48) > 0) )+IFERROR(VLOOKUP($A48,$A$88:$X$1000,MATCH(AD$25,$A$87:$X$87,0), FALSE), 0) * (LEN($A48) > 0)} -> 0 | AE48: {=SUMPRODUCT( IFERROR(VLOOKUP($G48:$T48, $B$87:$X$1000,MATCH(AE$25,$B$87:$X$87,0), FALSE), 0) * (LEN($G48:$T48) > 0) )+IFERROR(VLOOKUP($A48,$A$88:$X$1000,MATCH(AE$25,$A$87:$X$87,0), FALSE), 0) * (LEN($A48) > 0)} -> 0 | AF48: {=SUMPRODUCT( IFERROR(VLOOKUP($G48:$T48, $B$87:$X$1000,MATCH(AF$25,$B$87:$X$87,0), FALSE), 0) * (LEN($G48:$T48) > 0) )+IFERROR(VLOOKUP($A48,$A$88:$X$1000,MATCH(AF$25,$A$87:$X$87,0), FALSE), 0) * (LEN($A48) > 0)} -> 0 | AG48: {=SUMPRODUCT( IFERROR(VLOOKUP($G48:$T48, $B$87:$X$1000,MATCH(AG$25,$B$87:$X$87,0), FALSE), 0) * (LEN($G48:$T48) > 0) )+IFERROR(VLOOKUP($A48,$A$88:$X$1000,MATCH(AG$25,$A$87:$X$87,0), FALSE), 0) * (LEN($A48) > 0)} -> 0 | AH48: {=SUMPRODUCT( IFERROR(VLOOKUP($G48:$T48, $B$87:$X$1000,MATCH(AH$25,$B$87:$X$87,0), FALSE), 0) * (LEN($G48:$T48) > 0) )+IFERROR(VLOOKUP($A48,$A$88:$X$1000,MATCH(AH$25,$A$87:$X$87,0), FALSE), 0) * (LEN($A48) > 0)} -> 0 | AI48: =1 + AD48 + IF( LEN($A48) > 0, IFERROR( HLOOKUP(RIGHT($A48,2), $AE$25:$AH$80, ROW()-ROW($AE$25) + 1, FALSE), 0 ), 0 ) -> 1 | AJ48: {=1+SUMPRODUCT( IFERROR(VLOOKUP($G48:$T48, $B$87:$X$1000,MATCH(AJ$25,$B$87:$X$87,0), FALSE), 0) * (LEN($G48:$T48) > 0) )} -> 1 | AK48: {=1+SUMPRODUCT( IFERROR(VLOOKUP($G48:$T48, $B$87:$X$1000,MATCH(AK$25,$B$87:$X$87,0), FALSE), 0) * (LEN($G48:$T48) > 0) )} -> 1 | AL48: {=1+SUMPRODUCT( IFERROR(VLOOKUP($G48:$T48, $B$87:$X$1000,MATCH(AL$25,$B$87:$X$87,0), FALSE), 0) * (LEN($G48:$T48) > 0) )} -> 1 | AM48: {=1+SUMPRODUCT( IFERROR(VLOOKUP($G48:$T48, $B$87:$X$1000,MATCH(AM$25,$B$87:$X$87,0), FALSE), 0) * (LEN($G48:$T48) > 0) )} -> 1 | AN48: {=1+SUMPRODUCT( IFERROR(VLOOKUP($G48:$T48, $B$87:$X$1000,MATCH(AN$25,$B$87:$X$87,0), FALSE), 0) * (LEN($G48:$T48) > 0) )} -> 1 | AO48: =IF($F48="是",1.3,1) -> 1 | AQ48: =0.5 -> 0.5
B49: =PRODUCT(Y49:Z49,AC49,AI49:AS49) -> 0 | C49: =B49*(1+表2_5[[#This Row],[列24]]*(表2_5[[#This Row],[列25]]-1)) -> 0 | D49: =PRODUCT(Y49:Z49,AB49:AC49,AI49:AS49) -> 0 | U49: =IFERROR(VLOOKUP($A49,$A$86:$X$1000,MATCH(U$25,$A$87:$J$87,0), FALSE), 0) * (LEN($A49) > 0) -> 0 | V49: {=IFERROR(VLOOKUP($A49,$A$86:$X$1000,MATCH(V$25,$A$87:$J$87,0), FALSE), 0) * (LEN($A49) > 0)+SUMPRODUCT( IFERROR(VLOOKUP($G49:$T49, $B$87:$X$1000,MATCH(V$25,$B$87:$X$87,0), FALSE), 0) * (LEN($G49:$T49) > 0) )} -> 0 | W49: =IFERROR(VLOOKUP($A49,$A$86:$X$1000,MATCH(W$25,$A$87:$J$87,0), FALSE), 0) * (LEN($A49) > 0) -> 0 | X49: =IFERROR(VLOOKUP($A49,$A$86:$X$1000,MATCH(X$25,$A$87:$J$87,0), FALSE), 0) * (LEN($A49) > 0) -> 0 | Y49: =(U49*(1+V49)+W49)*(1+X49) -> 0 | Z49: =IFERROR(VLOOKUP($A49,$A$86:$X$1000,MATCH(Z$25,$A$87:$J$87,0), FALSE), 0) * (LEN($A49) > 0) -> 0 | AA49: {=IFERROR(VLOOKUP($A49,$A$86:$X$1000,MATCH(AA$25,$A$87:$J$87,0), FALSE), 0) * (LEN($A49) > 0)+SUMPRODUCT( IFERROR(VLOOKUP($G49:$T49, $B$87:$X$1000,MATCH(AA$25,$B$87:$X$87,0), FALSE), 0) * (LEN($G49:$T49) > 0) )} -> 0 | AB49: {=1+SUMPRODUCT( IFERROR(VLOOKUP($G49:$T49, $B$87:$X$1000,MATCH(AB$25,$B$87:$X$87,0), FALSE), 0) * (LEN($G49:$T49) > 0) )+IFERROR(VLOOKUP($A49,$A$87:$X$1000,MATCH(AB$25,$A$87:$J$87,0), FALSE), 0) * (LEN($A49) > 0)} -> 1 | AC49: {=1+SUMPRODUCT( IFERROR(VLOOKUP($G49:$T49, $B$87:$X$1000,MATCH(AC$25,$B$87:$X$87,0), FALSE), 0) * (LEN($G49:$T49) > 0) )} -> 1 | AD49: {=SUMPRODUCT( IFERROR(VLOOKUP($G49:$T49, $B$87:$X$1000,MATCH(AD$25,$B$87:$X$87,0), FALSE), 0) * (LEN($G49:$T49) > 0) )+IFERROR(VLOOKUP($A49,$A$88:$X$1000,MATCH(AD$25,$A$87:$X$87,0), FALSE), 0) * (LEN($A49) > 0)} -> 0 | AE49: {=SUMPRODUCT( IFERROR(VLOOKUP($G49:$T49, $B$87:$X$1000,MATCH(AE$25,$B$87:$X$87,0), FALSE), 0) * (LEN($G49:$T49) > 0) )+IFERROR(VLOOKUP($A49,$A$88:$X$1000,MATCH(AE$25,$A$87:$X$87,0), FALSE), 0) * (LEN($A49) > 0)} -> 0 | AF49: {=SUMPRODUCT( IFERROR(VLOOKUP($G49:$T49, $B$87:$X$1000,MATCH(AF$25,$B$87:$X$87,0), FALSE), 0) * (LEN($G49:$T49) > 0) )+IFERROR(VLOOKUP($A49,$A$88:$X$1000,MATCH(AF$25,$A$87:$X$87,0), FALSE), 0) * (LEN($A49) > 0)} -> 0 | AG49: {=SUMPRODUCT( IFERROR(VLOOKUP($G49:$T49, $B$87:$X$1000,MATCH(AG$25,$B$87:$X$87,0), FALSE), 0) * (LEN($G49:$T49) > 0) )+IFERROR(VLOOKUP($A49,$A$88:$X$1000,MATCH(AG$25,$A$87:$X$87,0), FALSE), 0) * (LEN($A49) > 0)} -> 0 | AH49: {=SUMPRODUCT( IFERROR(VLOOKUP($G49:$T49, $B$87:$X$1000,MATCH(AH$25,$B$87:$X$87,0), FALSE), 0) * (LEN($G49:$T49) > 0) )+IFERROR(VLOOKUP($A49,$A$88:$X$1000,MATCH(AH$25,$A$87:$X$87,0), FALSE), 0) * (LEN($A49) > 0)} -> 0 | AI49: =1 + AD49 + IF( LEN($A49) > 0, IFERROR( HLOOKUP(RIGHT($A49,2), $AE$25:$AH$80, ROW()-ROW($AE$25) + 1, FALSE), 0 ), 0 ) -> 1 | AJ49: {=1+SUMPRODUCT( IFERROR(VLOOKUP($G49:$T49, $B$87:$X$1000,MATCH(AJ$25,$B$87:$X$87,0), FALSE), 0) * (LEN($G49:$T49) > 0) )} -> 1 | AK49: {=1+SUMPRODUCT( IFERROR(VLOOKUP($G49:$T49, $B$87:$X$1000,MATCH(AK$25,$B$87:$X$87,0), FALSE), 0) * (LEN($G49:$T49) > 0) )} -> 1 | AL49: {=1+SUMPRODUCT( IFERROR(VLOOKUP($G49:$T49, $B$87:$X$1000,MATCH(AL$25,$B$87:$X$87,0), FALSE), 0) * (LEN($G49:$T49) > 0) )} -> 1 | AM49: {=1+SUMPRODUCT( IFERROR(VLOOKUP($G49:$T49, $B$87:$X$1000,MATCH(AM$25,$B$87:$X$87,0), FALSE), 0) * (LEN($G49:$T49) > 0) )} -> 1 | AN49: {=1+SUMPRODUCT( IFERROR(VLOOKUP($G49:$T49, $B$87:$X$1000,MATCH(AN$25,$B$87:$X$87,0), FALSE), 0) * (LEN($G49:$T49) > 0) )} -> 1 | AO49: =IF($F49="是",1.3,1) -> 1 | AQ49: =0.5 -> 0.5
B50: =PRODUCT(Y50:Z50,AC50,AI50:AS50) -> 0 | C50: =B50*(1+表2_5[[#This Row],[列24]]*(表2_5[[#This Row],[列25]]-1)) -> 0 | D50: =PRODUCT(Y50:Z50,AB50:AC50,AI50:AS50) -> 0 | U50: =IFERROR(VLOOKUP($A50,$A$86:$X$1000,MATCH(U$25,$A$87:$J$87,0), FALSE), 0) * (LEN($A50) > 0) -> 0 | V50: {=IFERROR(VLOOKUP($A50,$A$86:$X$1000,MATCH(V$25,$A$87:$J$87,0), FALSE), 0) * (LEN($A50) > 0)+SUMPRODUCT( IFERROR(VLOOKUP($G50:$T50, $B$87:$X$1000,MATCH(V$25,$B$87:$X$87,0), FALSE), 0) * (LEN($G50:$T50) > 0) )} -> 0 | W50: =IFERROR(VLOOKUP($A50,$A$86:$X$1000,MATCH(W$25,$A$87:$J$87,0), FALSE), 0) * (LEN($A50) > 0) -> 0 | X50: =IFERROR(VLOOKUP($A50,$A$86:$X$1000,MATCH(X$25,$A$87:$J$87,0), FALSE), 0) * (LEN($A50) > 0) -> 0 | Y50: =(U50*(1+V50)+W50)*(1+X50) -> 0 | Z50: =IFERROR(VLOOKUP($A50,$A$86:$X$1000,MATCH(Z$25,$A$87:$J$87,0), FALSE), 0) * (LEN($A50) > 0) -> 0 | AA50: {=IFERROR(VLOOKUP($A50,$A$86:$X$1000,MATCH(AA$25,$A$87:$J$87,0), FALSE), 0) * (LEN($A50) > 0)+SUMPRODUCT( IFERROR(VLOOKUP($G50:$T50, $B$87:$X$1000,MATCH(AA$25,$B$87:$X$87,0), FALSE), 0) * (LEN($G50:$T50) > 0) )} -> 0 | AB50: {=1+SUMPRODUCT( IFERROR(VLOOKUP($G50:$T50, $B$87:$X$1000,MATCH(AB$25,$B$87:$X$87,0), FALSE), 0) * (LEN($G50:$T50) > 0) )+IFERROR(VLOOKUP($A50,$A$87:$X$1000,MATCH(AB$25,$A$87:$J$87,0), FALSE), 0) * (LEN($A50) > 0)} -> 1 | AC50: {=1+SUMPRODUCT( IFERROR(VLOOKUP($G50:$T50, $B$87:$X$1000,MATCH(AC$25,$B$87:$X$87,0), FALSE), 0) * (LEN($G50:$T50) > 0) )} -> 1 | AD50: {=SUMPRODUCT( IFERROR(VLOOKUP($G50:$T50, $B$87:$X$1000,MATCH(AD$25,$B$87:$X$87,0), FALSE), 0) * (LEN($G50:$T50) > 0) )+IFERROR(VLOOKUP($A50,$A$88:$X$1000,MATCH(AD$25,$A$87:$X$87,0), FALSE), 0) * (LEN($A50) > 0)} -> 0 | AE50: {=SUMPRODUCT( IFERROR(VLOOKUP($G50:$T50, $B$87:$X$1000,MATCH(AE$25,$B$87:$X$87,0), FALSE), 0) * (LEN($G50:$T50) > 0) )+IFERROR(VLOOKUP($A50,$A$88:$X$1000,MATCH(AE$25,$A$87:$X$87,0), FALSE), 0) * (LEN($A50) > 0)} -> 0 | AF50: {=SUMPRODUCT( IFERROR(VLOOKUP($G50:$T50, $B$87:$X$1000,MATCH(AF$25,$B$87:$X$87,0), FALSE), 0) * (LEN($G50:$T50) > 0) )+IFERROR(VLOOKUP($A50,$A$88:$X$1000,MATCH(AF$25,$A$87:$X$87,0), FALSE), 0) * (LEN($A50) > 0)} -> 0 | AG50: {=SUMPRODUCT( IFERROR(VLOOKUP($G50:$T50, $B$87:$X$1000,MATCH(AG$25,$B$87:$X$87,0), FALSE), 0) * (LEN($G50:$T50) > 0) )+IFERROR(VLOOKUP($A50,$A$88:$X$1000,MATCH(AG$25,$A$87:$X$87,0), FALSE), 0) * (LEN($A50) > 0)} -> 0 | AH50: {=SUMPRODUCT( IFERROR(VLOOKUP($G50:$T50, $B$87:$X$1000,MATCH(AH$25,$B$87:$X$87,0), FALSE), 0) * (LEN($G50:$T50) > 0) )+IFERROR(VLOOKUP($A50,$A$88:$X$1000,MATCH(AH$25,$A$87:$X$87,0), FALSE), 0) * (LEN($A50) > 0)} -> 0 | AI50: =1 + AD50 + IF( LEN($A50) > 0, IFERROR( HLOOKUP(RIGHT($A50,2), $AE$25:$AH$80, ROW()-ROW($AE$25) + 1, FALSE), 0 ), 0 ) -> 1 | AJ50: {=1+SUMPRODUCT( IFERROR(VLOOKUP($G50:$T50, $B$87:$X$1000,MATCH(AJ$25,$B$87:$X$87,0), FALSE), 0) * (LEN($G50:$T50) > 0) )} -> 1 | AK50: {=1+SUMPRODUCT( IFERROR(VLOOKUP($G50:$T50, $B$87:$X$1000,MATCH(AK$25,$B$87:$X$87,0), FALSE), 0) * (LEN($G50:$T50) > 0) )} -> 1 | AL50: {=1+SUMPRODUCT( IFERROR(VLOOKUP($G50:$T50, $B$87:$X$1000,MATCH(AL$25,$B$87:$X$87,0), FALSE), 0) * (LEN($G50:$T50) > 0) )} -> 1 | AM50: {=1+SUMPRODUCT( IFERROR(VLOOKUP($G50:$T50, $B$87:$X$1000,MATCH(AM$25,$B$87:$X$87,0), FALSE), 0) * (LEN($G50:$T50) > 0) )} -> 1 | AN50: {=1+SUMPRODUCT( IFERROR(VLOOKUP($G50:$T50, $B$87:$X$1000,MATCH(AN$25,$B$87:$X$87,0), FALSE), 0) * (LEN($G50:$T50) > 0) )} -> 1 | AO50: =IF($F50="是",1.3,1) -> 1 | AQ50: =0.5 -> 0.5
B51: =PRODUCT(Y51:Z51,AC51,AI51:AS51) -> 0 | C51: =B51*(1+表2_5[[#This Row],[列24]]*(表2_5[[#This Row],[列25]]-1)) -> 0 | D51: =PRODUCT(Y51:Z51,AB51:AC51,AI51:AS51) -> 0 | U51: =IFERROR(VLOOKUP($A51,$A$86:$X$1000,MATCH(U$25,$A$87:$J$87,0), FALSE), 0) * (LEN($A51) > 0) -> 0 | V51: {=IFERROR(VLOOKUP($A51,$A$86:$X$1000,MATCH(V$25,$A$87:$J$87,0), FALSE), 0) * (LEN($A51) > 0)+SUMPRODUCT( IFERROR(VLOOKUP($G51:$T51, $B$87:$X$1000,MATCH(V$25,$B$87:$X$87,0), FALSE), 0) * (LEN($G51:$T51) > 0) )} -> 0 | W51: =IFERROR(VLOOKUP($A51,$A$86:$X$1000,MATCH(W$25,$A$87:$J$87,0), FALSE), 0) * (LEN($A51) > 0) -> 0 | X51: =IFERROR(VLOOKUP($A51,$A$86:$X$1000,MATCH(X$25,$A$87:$J$87,0), FALSE), 0) * (LEN($A51) > 0) -> 0 | Y51: =(U51*(1+V51)+W51)*(1+X51) -> 0 | Z51: =IFERROR(VLOOKUP($A51,$A$86:$X$1000,MATCH(Z$25,$A$87:$J$87,0), FALSE), 0) * (LEN($A51) > 0) -> 0 | AA51: {=IFERROR(VLOOKUP($A51,$A$86:$X$1000,MATCH(AA$25,$A$87:$J$87,0), FALSE), 0) * (LEN($A51) > 0)+SUMPRODUCT( IFERROR(VLOOKUP($G51:$T51, $B$87:$X$1000,MATCH(AA$25,$B$87:$X$87,0), FALSE), 0) * (LEN($G51:$T51) > 0) )} -> 0 | AB51: {=1+SUMPRODUCT( IFERROR(VLOOKUP($G51:$T51, $B$87:$X$1000,MATCH(AB$25,$B$87:$X$87,0), FALSE), 0) * (LEN($G51:$T51) > 0) )+IFERROR(VLOOKUP($A51,$A$87:$X$1000,MATCH(AB$25,$A$87:$J$87,0), FALSE), 0) * (LEN($A51) > 0)} -> 1 | AC51: {=1+SUMPRODUCT( IFERROR(VLOOKUP($G51:$T51, $B$87:$X$1000,MATCH(AC$25,$B$87:$X$87,0), FALSE), 0) * (LEN($G51:$T51) > 0) )} -> 1 | AD51: {=SUMPRODUCT( IFERROR(VLOOKUP($G51:$T51, $B$87:$X$1000,MATCH(AD$25,$B$87:$X$87,0), FALSE), 0) * (LEN($G51:$T51) > 0) )+IFERROR(VLOOKUP($A51,$A$88:$X$1000,MATCH(AD$25,$A$87:$X$87,0), FALSE), 0) * (LEN($A51) > 0)} -> 0 | AE51: {=SUMPRODUCT( IFERROR(VLOOKUP($G51:$T51, $B$87:$X$1000,MATCH(AE$25,$B$87:$X$87,0), FALSE), 0) * (LEN($G51:$T51) > 0) )+IFERROR(VLOOKUP($A51,$A$88:$X$1000,MATCH(AE$25,$A$87:$X$87,0), FALSE), 0) * (LEN($A51) > 0)} -> 0 | AF51: {=SUMPRODUCT( IFERROR(VLOOKUP($G51:$T51, $B$87:$X$1000,MATCH(AF$25,$B$87:$X$87,0), FALSE), 0) * (LEN($G51:$T51) > 0) )+IFERROR(VLOOKUP($A51,$A$88:$X$1000,MATCH(AF$25,$A$87:$X$87,0), FALSE), 0) * (LEN($A51) > 0)} -> 0 | AG51: {=SUMPRODUCT( IFERROR(VLOOKUP($G51:$T51, $B$87:$X$1000,MATCH(AG$25,$B$87:$X$87,0), FALSE), 0) * (LEN($G51:$T51) > 0) )+IFERROR(VLOOKUP($A51,$A$88:$X$1000,MATCH(AG$25,$A$87:$X$87,0), FALSE), 0) * (LEN($A51) > 0)} -> 0 | AH51: {=SUMPRODUCT( IFERROR(VLOOKUP($G51:$T51, $B$87:$X$1000,MATCH(AH$25,$B$87:$X$87,0), FALSE), 0) * (LEN($G51:$T51) > 0) )+IFERROR(VLOOKUP($A51,$A$88:$X$1000,MATCH(AH$25,$A$87:$X$87,0), FALSE), 0) * (LEN($A51) > 0)} -> 0 | AI51: =1 + AD51 + IF( LEN($A51) > 0, IFERROR( HLOOKUP(RIGHT($A51,2), $AE$25:$AH$80, ROW()-ROW($AE$25) + 1, FALSE), 0 ), 0 ) -> 1 | AJ51: {=1+SUMPRODUCT( IFERROR(VLOOKUP($G51:$T51, $B$87:$X$1000,MATCH(AJ$25,$B$87:$X$87,0), FALSE), 0) * (LEN($G51:$T51) > 0) )} -> 1 | AK51: {=1+SUMPRODUCT( IFERROR(VLOOKUP($G51:$T51, $B$87:$X$1000,MATCH(AK$25,$B$87:$X$87,0), FALSE), 0) * (LEN($G51:$T51) > 0) )} -> 1 | AL51: {=1+SUMPRODUCT( IFERROR(VLOOKUP($G51:$T51, $B$87:$X$1000,MATCH(AL$25,$B$87:$X$87,0), FALSE), 0) * (LEN($G51:$T51) > 0) )} -> 1 | AM51: {=1+SUMPRODUCT( IFERROR(VLOOKUP($G51:$T51, $B$87:$X$1000,MATCH(AM$25,$B$87:$X$87,0), FALSE), 0) * (LEN($G51:$T51) > 0) )} -> 1 | AN51: {=1+SUMPRODUCT( IFERROR(VLOOKUP($G51:$T51, $B$87:$X$1000,MATCH(AN$25,$B$87:$X$87,0), FALSE), 0) * (LEN($G51:$T51) > 0) )} -> 1 | AO51: =IF($F51="是",1.3,1) -> 1 | AQ51: =0.5 -> 0.5
